target_id	ext_gene	pval	qval	b
ENSG00000205246	RPSAP58	3.64765143666449e-43	6.10872186098202e-39	3.72788068928812
ENSG00000187772	LIN28B	2.76061001634204e-25	1.155798398592e-21	5.92659801509926
ENSG00000196565	HBG2	7.11380073417001e-10	7.00793064089089e-07	2.19593860925373
ENSG00000147689	FAM83A	6.57765745532481e-09	5.50780147021623e-06	1.30120796940641
ENSG00000213931	HBE1	1.27679641021094e-08	9.29674325295764e-06	1.43410419514458
ENSG00000159217	IGF2BP1	1.50944886675418e-06	0.000574516822080279	3.15803896159071
ENSG00000124570	SERPINB6	5.25204229955074e-06	0.0016914606228957	2.07385873348298
ENSG00000160200	CBS	0.000502687648719027	0.0801762862199767	0.715356374222629
ENSG00000136231	IGF2BP3	0.000893749026136688	0.124503183993441	2.92711754571532
ENSG00000160789	LMNA	0.00541064100858979	0.432759534588703	-0.480186981544499
ENSG00000023191	RNH1	0.00978011464199525	0.615742781614641	-0.430502128910739
ENSG00000060138	YBX3	0.0100867825041489	0.627967831215545	-0.380011708535661
ENSG00000197170	PSMD12	0.0143011667672824	0.767633461063071	-0.374293625800021
ENSG00000116584	ARHGEF2	0.0178128329512906	0.869712867158202	-0.399721327930751
ENSG00000103187	COTL1	0.0184363845136912	0.883182064303764	0.435982692547481
ENSG00000101361	NOP56	0.019338859584535	0.897693669749808	0.331990020967808
ENSG00000099899	TRMT2A	0.0225443415548333	0.975016463009867	0.382657098093757
ENSG00000185163	DDX51	0.0229720803964814	0.983921816879472	0.379194050842892
ENSG00000121691	CAT	0.0237056713850689	0.99748461981344	-0.323458225643543
ENSG00000130656	HBZ	0.0239047864295269	0.999063022178235	2.69822882897747
ENSG00000101654	RNMT	0.702030537673439	0.999950392948841	0.0658412799858506
ENSG00000165209	STRBP	0.719974252668949	0.999950392948841	0.0623125666898208
ENSG00000101146	RAE1	0.564210321531565	0.999950392948841	-0.158771733724872
ENSG00000107099	DOCK8	0.0574382835145084	0.999950392948841	0.477087720427912
ENSG00000121390	PSPC1	0.770160118361196	0.999950392948841	-0.0431617451140263
ENSG00000128739	SNRPN	0.701446971198168	0.999950392948841	-0.102906549565922
ENSG00000136942	RPL35	0.529679885773269	0.999950392948841	0.109997339773316
ENSG00000167088	SNRPD1	0.99593171684558	0.999950392948841	-0.000857031384345674
ENSG00000140553	UNC45A	0.366710610897743	0.999950392948841	-0.149685328569706
ENSG00000156261	CCT8	0.779362945015792	0.999950392948841	0.0483424436846036
ENSG00000198034	RPS4X	0.400215390556167	0.999950392948841	0.234121045580115
ENSG00000119414	PPP6C	0.580583279715073	0.999950392948841	-0.0919387141957119
ENSG00000044574	HSPA5	0.853040932114354	0.999950392948841	-0.0583376311972768
ENSG00000101182	PSMA7	0.691411875375201	0.999950392948841	-0.0563863277259996
ENSG00000186416	NKRF	0.988856278260268	0.999950392948841	-0.00333453289630548
ENSG00000215251	FASTKD5	0.619030047101623	0.999950392948841	-0.129578608952762
ENSG00000150459	SAP18	0.317196707928333	0.999950392948841	-0.148811893279543
ENSG00000166794	PPIB	0.609689888768898	0.999950392948841	-0.133901663923476
ENSG00000120158	RCL1	0.851550853930774	0.999950392948841	-0.0351711417355366
ENSG00000215699	SRSF10	0.96374863642009	0.999950392948841	-0.00693409115313622
ENSG00000168028	RPSA	0.994472699768602	0.999950392948841	0.00102781189425966
ENSG00000142207	URB1	0.969260206617572	0.999950392948841	-0.0226156369252464
ENSG00000163655	GMPS	0.252511850673943	0.999950392948841	-0.162850506311593
ENSG00000100028	SNRPD3	0.576875773233374	0.999950392948841	-0.145342904461748
ENSG00000169100	SLC25A6	0.864584873695638	0.999950392948841	0.024122230957745
ENSG00000197548	ATG7	0.635832235992904	0.999950392948841	-0.168500115049535
ENSG00000108298	RPL19	0.865491918752506	0.999950392948841	-0.0255250146146657
ENSG00000135486	HNRNPA1	0.919106291995954	0.999950392948841	0.015314834205651
ENSG00000105202	FBL	0.599203579648719	0.999950392948841	0.0745387010653277
ENSG00000108424	KPNB1	0.84489044257399	0.999950392948841	-0.0439165310781385
ENSG00000131236	CAP1	0.670356023248714	0.999950392948841	-0.185992850558963
ENSG00000151923	TIAL1	0.423348005679847	0.999950392948841	0.122922058694097
ENSG00000117450	PRDX1	0.736272964388497	0.999950392948841	-0.0967621442946461
ENSG00000166226	CCT2	0.667370807121441	0.999950392948841	-0.0618716255088779
ENSG00000198712	MT-CO2	0.808555260207501	0.999950392948841	0.097783650883376
ENSG00000196531	NACA	0.942160735816028	0.999950392948841	-0.0104968713418412
ENSG00000076944	STXBP2	0.92291585496944	0.999950392948841	-0.0151334092357862
ENSG00000096384	HSP90AB1	0.857105006941273	0.999950392948841	-0.0658460323949038
ENSG00000113569	NUP155	0.578215678889496	0.999950392948841	-0.160188829940439
ENSG00000171566	PLRG1	0.280158033388672	0.999950392948841	-0.170121137728412
ENSG00000073792	IGF2BP2	0.947547900080895	0.999950392948841	-0.0134764528213669
ENSG00000117394	SLC2A1	0.757447667530816	0.999950392948841	-0.0610900161279495
ENSG00000203814	HIST2H2BF	0.991991083002987	0.999950392948841	0.00436267074801708
ENSG00000173039	RELA	0.863961433405464	0.999950392948841	-0.0405828269350079
ENSG00000184432	COPB2	0.132840859273996	0.999950392948841	-0.238574734660283
ENSG00000165732	DDX21	0.940596270421687	0.999950392948841	-0.0485042851778701
ENSG00000036257	CUL3	0.778110452668189	0.999950392948841	-0.0478629928087132
ENSG00000102030	NAA10	0.715444508592705	0.999950392948841	0.0546405082875057
ENSG00000204427	ABHD16A	0.258245485236829	0.999950392948841	-0.191643813628821
ENSG00000203852	HIST2H3A	0.709377074731062	0.999950392948841	0.179175216831523
ENSG00000164163	ABCE1	0.957810412941386	0.999950392948841	0.0184530523649571
ENSG00000117395	EBNA1BP2	0.992399519139846	0.999950392948841	0.00237436961919804
ENSG00000112339	HBS1L	0.631883211900293	0.999950392948841	-0.148964242348702
ENSG00000132780	NASP	0.626420918723956	0.999950392948841	0.0691077575853249
ENSG00000169251	NMD3	0.91598897094599	0.999950392948841	-0.0282167924384749
ENSG00000163811	WDR43	0.978608372667478	0.999950392948841	-0.0103258654294507
ENSG00000182902	SLC25A18	0.259182932135422	0.999950392948841	0.598204907840322
ENSG00000084073	ZMPSTE24	0.742287441480627	0.999950392948841	-0.159943093298066
ENSG00000197958	RPL12	0.770964546989483	0.999950392948841	0.0564413152235813
ENSG00000005156	LIG3	0.992630040604434	0.999950392948841	0.004664311503143
ENSG00000132466	ANKRD17	0.819549541516646	0.999950392948841	-0.0573584994924451
ENSG00000134987	WDR36	0.95450422075677	0.999950392948841	0.0265333798116995
ENSG00000114416	FXR1	0.662200226565344	0.999950392948841	-0.0665705726487991
ENSG00000130935	NOL11	0.818729860718138	0.999950392948841	0.040269070873974
ENSG00000172534	HCFC1	0.867474550811299	0.999950392948841	-0.0237689874982182
ENSG00000188846	RPL14	0.612991659065943	0.999950392948841	0.07460255031231
ENSG00000164070	HSPA4L	0.598879703208322	0.999950392948841	-0.35703241822108
ENSG00000084733	RAB10	0.535426039995043	0.999950392948841	-0.250522285840417
ENSG00000029363	BCLAF1	0.520810085170144	0.999950392948841	-0.328044888291088
ENSG00000058673	ZC3H11A	0.681045238368329	0.999950392948841	0.0630508650221569
ENSG00000172757	CFL1	0.672937033557481	0.999950392948841	-0.0791487961347368
ENSG00000168066	SF1	0.938572106582575	0.999950392948841	-0.0167314107186568
ENSG00000198242	RPL23A	0.959988615212226	0.999950392948841	-0.0072645325268604
ENSG00000115946	PNO1	0.777234113812922	0.999950392948841	0.136281625015832
ENSG00000198589	LRBA	0.746500419294453	0.999950392948841	-0.0911790635130541
ENSG00000105701	FKBP8	0.435777793030591	0.999950392948841	-0.136599255087217
ENSG00000082516	GEMIN5	0.904385027693585	0.999950392948841	-0.0543026776421776
ENSG00000119912	IDE	0.739794195078827	0.999950392948841	-0.120726263394013
ENSG00000205339	IPO7	0.70281179981858	0.999950392948841	-0.121648221847089
ENSG00000111615	KRR1	0.463518384796243	0.999950392948841	-0.172214745183554
ENSG00000112081	SRSF3	0.437810189891993	0.999950392948841	-0.135370232121049
ENSG00000138326	RPS24	0.855587532495966	0.999950392948841	0.0410024462205261
ENSG00000154473	BUB3	0.567475663448783	0.999950392948841	-0.0842343957157462
ENSG00000159131	GART	0.82403630870814	0.999950392948841	-0.0734663222831887
ENSG00000161016	RPL8	0.861877807417429	0.999950392948841	-0.0355609068921936
ENSG00000153201	RANBP2	0.686678645064067	0.999950392948841	-0.15653787995665
ENSG00000105323	HNRNPUL1	0.374132662875149	0.999950392948841	-0.126544469403943
ENSG00000115484	CCT4	0.6287251062116	0.999950392948841	-0.0900558105921032
ENSG00000127948	POR	0.182576977322153	0.999950392948841	0.323792462659359
ENSG00000115275	MOGS	0.657107791936823	0.999950392948841	0.0757806548584178
ENSG00000122026	RPL21	0.991998826943233	0.999950392948841	-0.00156043334174842
ENSG00000122958	VPS26A	0.185296894631993	0.999950392948841	-0.276324183063417
ENSG00000085719	CPNE3	0.691338572079554	0.999950392948841	-0.109968440299595
ENSG00000067048	DDX3Y	0.33194776575669	0.999950392948841	-2.53202870408926
ENSG00000145425	RPS3A	0.983236543467426	0.999950392948841	0.00429579599385832
ENSG00000137168	PPIL1	0.907104814766312	0.999950392948841	0.0202540164577846
ENSG00000159140	SON	0.834319241992705	0.999950392948841	-0.0314170388128983
ENSG00000153922	CHD1	0.214112674929858	0.999950392948841	0.237215366697051
ENSG00000003756	RBM5	0.514914133646844	0.999950392948841	0.170519494511794
ENSG00000175467	SART1	0.912257664744507	0.999950392948841	-0.0222514884351319
ENSG00000035403	VCL	0.411422983906155	0.999950392948841	-0.371581262886546
ENSG00000079246	XRCC5	0.627947312748883	0.999950392948841	-0.141337522753131
ENSG00000221983	UBA52	0.68901601566333	0.999950392948841	0.0581258914629744
ENSG00000142945	KIF2C	0.477080970035886	0.999950392948841	-0.106094466712843
ENSG00000101199	ARFGAP1	0.14898519300826	0.999950392948841	0.231585195073525
ENSG00000153147	SMARCA5	0.474067918114843	0.999950392948841	-0.130745007705531
ENSG00000142046	TMEM91	0.294455230395592	0.999950392948841	0.384539062663577
ENSG00000231500	RPS18	0.992400676010713	0.999950392948841	0.0014547346434212
ENSG00000167770	OTUB1	0.814170513050921	0.999950392948841	0.035849882696757
ENSG00000138160	KIF11	0.0622741032742648	0.999950392948841	-0.26512401228957
ENSG00000131013	PPIL4	0.998134849430612	0.999950392948841	-0.000388494235481041
ENSG00000108010	GLRX3	0.856753517254892	0.999950392948841	-0.0561292029055819
ENSG00000136807	CDK9	0.66370276439727	0.999950392948841	-0.0774757634670792
ENSG00000113615	SEC24A	0.703399226832962	0.999950392948841	-0.159424232458858
ENSG00000113522	RAD50	0.64994073983179	0.999950392948841	-0.082493214483559
ENSG00000227057	WDR46	0.546969048637995	0.999950392948841	0.0964296611397145
ENSG00000087365	SF3B2	0.571475046561097	0.999950392948841	-0.0821652223534771
ENSG00000185009	AP3M1	0.938222995587266	0.999950392948841	-0.0315759171941619
ENSG00000038358	EDC4	0.686436031644427	0.999950392948841	0.0682345640546356
ENSG00000055044	NOP58	0.50680323783986	0.999950392948841	0.100012586196501
ENSG00000121579	NAA50	0.608404950121177	0.999950392948841	-0.285875580306988
ENSG00000142937	RPS8	0.776896591775762	0.999950392948841	0.05294948868904
ENSG00000183336	BOLA2	0.703234088607868	0.999950392948841	-0.0630258229067608
ENSG00000113368	LMNB1	0.988406568818739	0.999950392948841	0.00455384334978221
ENSG00000174437	ATP2A2	0.648649597972607	0.999950392948841	-0.211829201371871
ENSG00000156110	ADK	0.475892946872456	0.999950392948841	-0.164148947520143
ENSG00000089220	PEBP1	0.894880275872583	0.999950392948841	-0.0285629678725237
ENSG00000114573	ATP6V1A	0.118328114370084	0.999950392948841	-0.273321862407417
ENSG00000149781	FERMT3	0.356909553313791	0.999950392948841	-0.13325854399605
ENSG00000171793	CTPS1	0.740515943089572	0.999950392948841	0.0857918558651134
ENSG00000004487	KDM1A	0.480377917411557	0.999950392948841	-0.139255580650428
ENSG00000112118	MCM3	0.80813046928134	0.999950392948841	-0.034553650784885
ENSG00000106263	EIF3B	0.571158257751045	0.999950392948841	-0.0919914655871329
ENSG00000074696	PTPLAD1	0.783223438666564	0.999950392948841	-0.0866118918789074
ENSG00000174903	RAB1B	0.249858528786331	0.999950392948841	-0.166345108387564
ENSG00000108829	LRRC59	0.690515133432151	0.999950392948841	-0.156627914561292
ENSG00000135521	LTV1	0.950744815668617	0.999950392948841	0.0222955622340236
ENSG00000009844	VTA1	0.708078664999347	0.999950392948841	-0.110828379966304
ENSG00000132591	ERAL1	0.645154161077901	0.999950392948841	-0.109949381509365
ENSG00000182481	KPNA2	0.782865483587666	0.999950392948841	-0.0406318785441245
ENSG00000109475	RPL34	0.615699707330896	0.999950392948841	0.0830677933741537
ENSG00000141141	DDX52	0.938922702912904	0.999950392948841	0.0129883101022707
ENSG00000108848	LUC7L3	0.108092745285028	0.999950392948841	0.256798385138925
ENSG00000075975	MKRN2	0.948245215156583	0.999950392948841	-0.0184392171773148
ENSG00000117222	RBBP5	0.751968343676783	0.999950392948841	-0.0649452908128237
ENSG00000005007	UPF1	0.643692407135521	0.999950392948841	0.0839650904040796
ENSG00000123472	ATPAF1	0.161554909863475	0.999950392948841	-0.285772910981614
ENSG00000105281	SLC1A5	0.953632715623919	0.999950392948841	0.00824164187571874
ENSG00000092820	EZR	0.420292102220688	0.999950392948841	-0.155866826074936
ENSG00000156515	HK1	0.78144105580309	0.999950392948841	-0.0795422393922512
ENSG00000163636	PSMD6	0.161696329742616	0.999950392948841	-0.201117547398521
ENSG00000177156	TALDO1	0.248869097547863	0.999950392948841	-0.16331503630416
ENSG00000253626	EIF5AL1	0.835274530049653	0.999950392948841	0.0949424919997215
ENSG00000165733	BMS1	0.898290130689973	0.999950392948841	-0.0363381600295038
ENSG00000120694	HSPH1	0.923992793316532	0.999950392948841	0.0296493467601883
ENSG00000111481	COPZ1	0.271846926724711	0.999950392948841	-0.172098843092638
ENSG00000066044	ELAVL1	0.638435002900849	0.999950392948841	-0.17745371529935
ENSG00000110713	NUP98	0.395316547089739	0.999950392948841	-0.155654264481831
ENSG00000125944	HNRNPR	0.592516954169657	0.999950392948841	-0.104726551096845
ENSG00000114353	GNAI2	0.100580115169836	0.999950392948841	-0.236015239698971
ENSG00000196924	FLNA	0.179643513189165	0.999950392948841	-0.368694536311595
ENSG00000110048	OSBP	0.75043748423779	0.999950392948841	-0.10322049319888
ENSG00000155561	NUP205	0.938710145965815	0.999950392948841	0.012911310527489
ENSG00000132646	PCNA	0.628384858065328	0.999950392948841	-0.0694836872106226
ENSG00000254986	DPP3	0.379888825723138	0.999950392948841	-0.150972067027558
ENSG00000123064	DDX54	0.965696306890114	0.999950392948841	0.00684030644561477
ENSG00000132589	FLOT2	0.707071753329315	0.999950392948841	-0.0582700626359379
ENSG00000100823	APEX1	0.906187715005414	0.999950392948841	0.026858265509168
ENSG00000090060	PAPOLA	0.698777720401737	0.999950392948841	-0.0974683577663864
ENSG00000182944	EWSR1	0.953071074797402	0.999950392948841	-0.00833781257276556
ENSG00000115524	SF3B1	0.842477777210236	0.999950392948841	0.0301423158569714
ENSG00000090013	BLVRB	0.672977414096074	0.999950392948841	-0.104912879933674
ENSG00000167085	PHB	0.807843000015082	0.999950392948841	-0.0697112563722868
ENSG00000115307	AUP1	0.320826630444008	0.999950392948841	0.182050811238295
ENSG00000184009	ACTG1	0.787764460487862	0.999950392948841	0.0384972091925153
ENSG00000142230	SAE1	0.541585829270827	0.999950392948841	-0.181271569849911
ENSG00000100075	SLC25A1	0.867405645893375	0.999950392948841	-0.0248981659893242
ENSG00000197756	RPL37A	0.749129246829896	0.999950392948841	-0.0640108429401748
ENSG00000110321	EIF4G2	0.745164686599391	0.999950392948841	-0.0869970911040164
ENSG00000105671	DDX49	0.842037786765204	0.999950392948841	-0.0451774808439115
ENSG00000166902	MRPL16	0.976675264045453	0.999950392948841	-0.0046817407903455
ENSG00000065978	YBX1	0.464691059848208	0.999950392948841	-0.109196879212558
ENSG00000132341	RAN	0.872795643852106	0.999950392948841	0.0231203002548952
ENSG00000120438	TCP1	0.839928526732925	0.999950392948841	-0.0533826213921161
ENSG00000188976	NOC2L	0.734512410936427	0.999950392948841	0.082476412690295
ENSG00000178105	DDX10	0.284986968304083	0.999950392948841	0.223553419641987
ENSG00000105321	CCDC9	0.408920477965138	0.999950392948841	-0.160484815953731
ENSG00000103769	RAB11A	0.59295637663545	0.999950392948841	-0.123981286429732
ENSG00000124571	XPO5	0.732528165737163	0.999950392948841	-0.0694205420352286
ENSG00000177542	SLC25A22	0.758417256857122	0.999950392948841	0.112625033490713
ENSG00000105372	RPS19	0.581430052150903	0.999950392948841	0.0894161442372917
ENSG00000197903	HIST1H2BK	0.501753668260262	0.999950392948841	-0.199011013161257
ENSG00000142676	RPL11	0.93369719679317	0.999950392948841	0.0125446141948338
ENSG00000078070	MCCC1	0.307810157273931	0.999950392948841	0.193467800031164
ENSG00000134108	ARL8B	0.438597343635961	0.999950392948841	-0.164593156816752
ENSG00000170027	YWHAG	0.714659937571441	0.999950392948841	-0.150052206706556
ENSG00000077380	DYNC1I2	0.49047525536239	0.999950392948841	-0.149975290836445
ENSG00000198805	PNP	0.41015564606765	0.999950392948841	-0.118460140296616
ENSG00000197081	IGF2R	0.660186016321126	0.999950392948841	-0.142396632742477
ENSG00000213719	CLIC1	0.335457256636344	0.999950392948841	-0.248944831049161
ENSG00000136527	TRA2B	0.470114669035071	0.999950392948841	-0.10442789196198
ENSG00000109606	DHX15	0.841245566545237	0.999950392948841	-0.0402097014452763
ENSG00000173262	SLC2A14	0.410157932892544	0.999950392948841	-0.23721171442092
ENSG00000076928	ARHGEF1	0.0586720787508068	0.999950392948841	0.339923003059864
ENSG00000057757	PITHD1	0.876965569208747	0.999950392948841	-0.0223015671113984
ENSG00000169813	HNRNPF	0.823506138726424	0.999950392948841	-0.0826196362527014
ENSG00000064607	SUGP2	0.322176659338812	0.999950392948841	0.30492200181963
ENSG00000185104	FAF1	0.877299203914067	0.999950392948841	0.0236860901361702
ENSG00000159259	CHAF1B	0.793815673100933	0.999950392948841	-0.0468177928104003
ENSG00000164134	NAA15	0.729341809560214	0.999950392948841	-0.158899541575025
ENSG00000091164	TXNL1	0.111090120573428	0.999950392948841	-0.233571142036103
ENSG00000185236	RAB11B	0.820530181352517	0.999950392948841	-0.0376556961466624
ENSG00000143486	EIF2D	0.697061095834486	0.999950392948841	0.0651604328213817
ENSG00000125445	MRPS7	0.738954468170939	0.999950392948841	-0.0712967905655025
ENSG00000132182	NUP210	0.49635062307977	0.999950392948841	-0.0988485985635498
ENSG00000138442	WDR12	0.701513429693855	0.999950392948841	-0.147527285610022
ENSG00000135624	CCT7	0.719556122417536	0.999950392948841	-0.0935820482990248
ENSG00000085377	PREP	0.985990776728036	0.999950392948841	0.00295094614843094
ENSG00000101161	PRPF6	0.390865199533951	0.999950392948841	-0.122929156246632
ENSG00000177105	RHOG	0.474896953932434	0.999950392948841	-0.140702736628851
ENSG00000239306	RBM14	0.87688140375529	0.999950392948841	-0.0250671008787879
ENSG00000173933	RBM4	0.913993229182508	0.999950392948841	0.0163139396437678
ENSG00000099783	HNRNPM	0.767326396724651	0.999950392948841	-0.0520473978079063
ENSG00000070010	UFD1L	0.261783236494464	0.999950392948841	-0.170992546644587
ENSG00000059804	SLC2A3	0.418319803652024	0.999950392948841	0.310147856469829
ENSG00000102144	PGK1	0.598561048159671	0.999950392948841	0.201472772002146
ENSG00000167325	RRM1	0.165633892075991	0.999950392948841	-0.205545543647427
ENSG00000147403	RPL10	0.914652086381096	0.999950392948841	-0.0164940574972056
ENSG00000100714	MTHFD1	0.408134913664929	0.999950392948841	0.127671928917387
ENSG00000173914	RBM4B	0.619291989302822	0.999950392948841	-0.107198687561371
ENSG00000014216	CAPN1	0.730944463049928	0.999950392948841	-0.052866159873244
ENSG00000144118	RALB	0.299767511027086	0.999950392948841	-0.339803061929828
ENSG00000165637	VDAC2	0.609157416041564	0.999950392948841	-0.0992058618902292
ENSG00000137154	RPS6	0.92805145344716	0.999950392948841	0.0191239777929617
ENSG00000174444	RPL4	0.699279419917332	0.999950392948841	0.0589274060990874
ENSG00000109534	GAR1	0.557187936164845	0.999950392948841	-0.0883967466235175
ENSG00000198380	GFPT1	0.251991398408999	0.999950392948841	-0.237378078595341
ENSG00000144028	SNRNP200	0.793515490982369	0.999950392948841	0.0371660825597259
ENSG00000185130	HIST1H2BL	0.589228462004058	0.999950392948841	-0.353734782630478
ENSG00000111300	NAA25	0.997272268755805	0.999950392948841	-0.00139220540582957
ENSG00000137776	SLTM	0.688959253371607	0.999950392948841	0.0663878169124382
ENSG00000188529	SRSF10	0.499864749729081	0.999950392948841	-0.105047874461939
ENSG00000166508	MCM7	0.748591281999305	0.999950392948841	-0.045490417353521
ENSG00000177565	TBL1XR1	0.987337007988618	0.999950392948841	-0.00346503105792895
ENSG00000134440	NARS	0.90488399310368	0.999950392948841	-0.0349672076895751
ENSG00000170515	PA2G4	0.910469226153059	0.999950392948841	-0.0370479816513362
ENSG00000099995	SF3A1	0.587694645274062	0.999950392948841	-0.311602377257815
ENSG00000233822	HIST1H2BN	0.356909050835364	0.999950392948841	-0.412512193634569
ENSG00000136485	DCAF7	0.529872633284742	0.999950392948841	-0.143358976530884
ENSG00000184357	HIST1H1B	0.491397906248155	0.999950392948841	-0.37743474706049
ENSG00000198755	RPL10A	0.893917518059858	0.999950392948841	-0.0198218439917787
ENSG00000174100	MRPL45	0.899050646171985	0.999950392948841	0.0215915964228378
ENSG00000122359	ANXA11	0.313661432647276	0.999950392948841	0.160094030636087
ENSG00000014641	MDH1	0.939500885847922	0.999950392948841	0.0112129679579696
ENSG00000196504	PRPF40A	0.848445292436381	0.999950392948841	-0.0503411753960655
ENSG00000110107	PRPF19	0.8958146978449	0.999950392948841	-0.0322265687623139
ENSG00000127314	RAP1B	0.669646823939067	0.999950392948841	-0.179168809152894
ENSG00000111237	VPS29	0.656971164715085	0.999950392948841	0.069095969236141
ENSG00000141127	PRPSAP2	0.47970919292013	0.999950392948841	0.125875197313682
ENSG00000173599	PC	0.40614863057542	0.999950392948841	-0.219438357876412
ENSG00000186468	RPS23	0.602817509116572	0.999950392948841	0.0792555259134312
ENSG00000115368	WDR75	0.552758923976075	0.999950392948841	0.105188596539513
ENSG00000113460	BRIX1	0.589517004829809	0.999950392948841	-0.079327035586946
ENSG00000198366	HIST1H3A	0.824946209328312	0.999950392948841	-0.121857149581064
ENSG00000108107	RPL28	0.482582958607388	0.999950392948841	0.123975579009034
ENSG00000135972	MRPS9	0.266307924625371	0.999950392948841	0.171321189054698
ENSG00000075292	ZNF638	0.754535257778349	0.999950392948841	0.0965188717483395
ENSG00000183527	PSMG1	0.878717428473926	0.999950392948841	0.0282055176414525
ENSG00000109107	ALDOC	0.925438300700468	0.999950392948841	0.0699470418978403
ENSG00000028277	POU2F2	0.822726339501542	0.999950392948841	-0.143692881382297
ENSG00000100591	AHSA1	0.947212984312767	0.999950392948841	0.0209660091848161
ENSG00000263563	UBBP4	0.368217182365164	0.999950392948841	-0.524000609475428
ENSG00000137055	PLAA	0.506048960888587	0.999950392948841	-0.268065095869753
ENSG00000137200	CMTR1	0.439756532901489	0.999950392948841	0.139902435685054
ENSG00000185838	GNB1L	0.665619408969	0.999950392948841	-0.117179274637173
ENSG00000132382	MYBBP1A	0.8115944220821	0.999950392948841	0.0641610907913795
ENSG00000128708	HAT1	0.117238891181354	0.999950392948841	-0.224866035316696
ENSG00000187837	HIST1H1C	0.385380341569893	0.999950392948841	-0.484633758821491
ENSG00000100029	PES1	0.66080144269607	0.999950392948841	0.0638570482291788
ENSG00000066583	ISOC1	0.599806771320879	0.999950392948841	-0.112658033981355
ENSG00000078618	NRD1	0.820428547716318	0.999950392948841	0.0458837187645541
ENSG00000169764	UGP2	0.513811376221517	0.999950392948841	-0.176989139653436
ENSG00000149925	ALDOA	0.915142360727049	0.999950392948841	-0.0446272717793488
ENSG00000139641	ESYT1	0.957007777595711	0.999950392948841	0.0120788249884498
ENSG00000163466	ARPC2	0.681567671402341	0.999950392948841	-0.105443488846591
ENSG00000170144	HNRNPA3	0.297124185270149	0.999950392948841	-0.250760620940744
ENSG00000184470	TXNRD2	0.719263842306958	0.999950392948841	-0.0554446379678228
ENSG00000073969	NSF	0.576196870919187	0.999950392948841	-0.229367412942104
ENSG00000150768	DLAT	0.78896908153771	0.999950392948841	-0.124060525002002
ENSG00000055130	CUL1	0.917486254647805	0.999950392948841	-0.0330281965074487
ENSG00000241553	ARPC4	0.574808542435208	0.999950392948841	-0.130521446311193
ENSG00000112578	BYSL	0.595038125744628	0.999950392948841	0.0849946827700855
ENSG00000096060	FKBP5	0.800043845313551	0.999950392948841	-0.0849979906115733
ENSG00000250151	ARPC4-TTLL3	0.368850574781082	0.999950392948841	0.298697123807537
ENSG00000133226	SRRM1	0.810879707659627	0.999950392948841	-0.0401497407227914
ENSG00000122729	ACO1	0.557793920982424	0.999950392948841	-0.168623799319902
ENSG00000180817	PPA1	0.756066023719568	0.999950392948841	-0.0492779946147983
ENSG00000132475	H3F3B	0.621216325631545	0.999950392948841	-0.0956584129294876
ENSG00000204394	VARS	0.866597746494944	0.999950392948841	0.0416080085193563
ENSG00000178921	PFAS	0.766226239084454	0.999950392948841	0.0896742867030393
ENSG00000025796	SEC63	0.752939561073189	0.999950392948841	0.0610509090007521
ENSG00000105486	LIG1	0.644544363363923	0.999950392948841	0.113964218458786
ENSG00000077312	SNRPA	0.835697783022533	0.999950392948841	0.0307317002395025
ENSG00000182718	ANXA2	0.316887578137736	0.999950392948841	-0.652015246653904
ENSG00000106605	BLVRA	0.815660811711351	0.999950392948841	0.0341572679069747
ENSG00000124207	CSE1L	0.721648993698909	0.999950392948841	-0.0878989750519276
ENSG00000063244	U2AF2	0.710649601277983	0.999950392948841	-0.0909711551297854
ENSG00000149923	PPP4C	0.614644289795739	0.999950392948841	-0.0743588987567294
ENSG00000029534	ANK1	0.985797964046078	0.999950392948841	-0.0042076297099598
ENSG00000145725	PPIP5K2	0.209708829637779	0.999950392948841	-0.249744682561614
ENSG00000129083	COPB1	0.602843110790496	0.999950392948841	-0.0892388969529365
ENSG00000119705	SLIRP	0.971321494891171	0.999950392948841	0.00538008033551307
ENSG00000018510	AGPS	0.618738429382227	0.999950392948841	-0.196181268093541
ENSG00000111737	RAB35	0.813176783805079	0.999950392948841	-0.113925473203204
ENSG00000129084	PSMA1	0.874368381674012	0.999950392948841	-0.0232592400173601
ENSG00000183808	RBM12B	0.699947332573852	0.999950392948841	-0.108826172106452
ENSG00000107949	BCCIP	0.744535380800435	0.999950392948841	0.0484391162227169
ENSG00000170606	HSPA4	0.856014773249103	0.999950392948841	-0.046588802483198
ENSG00000006125	AP2B1	0.212470322628612	0.999950392948841	-0.185309904377948
ENSG00000089154	GCN1L1	0.93322193388004	0.999950392948841	0.0230008597268719
ENSG00000148688	RPP30	0.723269501847067	0.999950392948841	-0.0577918546316933
ENSG00000117597	DIEXF	0.860201113898174	0.999950392948841	-0.0558485472776313
ENSG00000167986	DDB1	0.559519315277262	0.999950392948841	-0.0842989583251074
ENSG00000122692	SMU1	0.589361581421422	0.999950392948841	-0.158111603154689
ENSG00000125818	PSMF1	0.7956951910767	0.999950392948841	-0.0377738055618929
ENSG00000129128	SPCS3	0.395932970659695	0.999950392948841	-0.213835097373741
ENSG00000155660	PDIA4	0.687537902382872	0.999950392948841	-0.173319645345979
ENSG00000144867	SRPRB	0.753687247719836	0.999950392948841	-0.121066108053462
ENSG00000185721	DRG1	0.558724377842919	0.999950392948841	0.0967242912044422
ENSG00000204392	LSM2	0.779842264806875	0.999950392948841	-0.042412606252847
ENSG00000095319	NUP188	0.575562213231127	0.999950392948841	-0.134641666330815
ENSG00000138757	G3BP2	0.660383021112923	0.999950392948841	-0.236805721831032
ENSG00000092929	UNC13D	0.70681607554225	0.999950392948841	-0.132343735516574
ENSG00000124767	GLO1	0.442079767236873	0.999950392948841	-0.110055451475853
ENSG00000124228	DDX27	0.860905446401583	0.999950392948841	-0.036269726127875
ENSG00000123130	ACOT9	0.972970477414865	0.999950392948841	0.00993586039294969
ENSG00000147416	ATP6V1B2	0.713526863617979	0.999950392948841	-0.0582656420471374
ENSG00000105726	ATP13A1	0.543415485649161	0.999950392948841	0.103042778474308
ENSG00000166197	NOLC1	0.968823721145435	0.999950392948841	0.0170716664312558
ENSG00000100902	PSMA6	0.545336754736852	0.999950392948841	-0.0880729745230558
ENSG00000102879	CORO1A	0.100989259683989	0.999950392948841	0.375773842593649
ENSG00000138768	USO1	0.716962045450845	0.999950392948841	-0.155394955176523
ENSG00000180596	HIST1H2BC	0.135973313463674	0.999950392948841	-0.530953313679434
ENSG00000099901	RANBP1	0.573244908345718	0.999950392948841	0.0799845557438967
ENSG00000262814	MRPL12	0.718517345155403	0.999950392948841	0.0751511803654648
ENSG00000204389	HSPA1A	0.992369552244917	0.999950392948841	0.00229794176988363
ENSG00000089009	RPL6	0.962298102895745	0.999950392948841	-0.0070483344586331
ENSG00000088205	DDX18	0.789134138385397	0.999950392948841	-0.0981648825221925
ENSG00000183048	SLC25A10	0.976150564210818	0.999950392948841	-0.00639813134614983
ENSG00000096063	SRPK1	0.792000419989504	0.999950392948841	0.102933685668263
ENSG00000140988	RPS2	0.982893379726882	0.999950392948841	0.00356740201012803
ENSG00000155438	NIFK	0.650858353758861	0.999950392948841	0.0732125815981937
ENSG00000174720	LARP7	0.945121288885086	0.999950392948841	-0.0121496861613331
ENSG00000130741	EIF2S3	0.15384054197779	0.999950392948841	0.234180228947073
ENSG00000158373	HIST1H2BD	0.55286485103016	0.999950392948841	-0.221190715143187
ENSG00000169627	BOLA2B	0.532680720145127	0.999950392948841	-0.0989375001250818
ENSG00000089157	RPLP0	0.811948538269827	0.999950392948841	0.0370126853640939
ENSG00000133706	LARS	0.550573476477442	0.999950392948841	0.173747730681599
ENSG00000165271	NOL6	0.646073485459183	0.999950392948841	0.120803356284128
ENSG00000105939	ZC3HAV1	0.407819954010202	0.999950392948841	-0.142291094621601
ENSG00000183751	TBL3	0.960705277972122	0.999950392948841	0.00814745574121351
ENSG00000105708	ZNF14	0.379743832971297	0.999950392948841	0.221343549782148
ENSG00000004897	CDC27	0.220083947919285	0.999950392948841	-0.18564077318528
ENSG00000130204	TOMM40	0.904004566125674	0.999950392948841	0.0388920274139408
ENSG00000122965	RBM19	0.475911307281293	0.999950392948841	0.155251570552078
ENSG00000213585	VDAC1	0.631897873432766	0.999950392948841	-0.117389451929048
ENSG00000172725	CORO1B	0.378235325231744	0.999950392948841	0.189407426123443
ENSG00000130227	XPO7	0.784347211861107	0.999950392948841	-0.0467248699935153
ENSG00000184619	KRBA2	0.709117848750383	0.999950392948841	-0.234289399244487
ENSG00000161970	RPL26	0.732705824350769	0.999950392948841	0.050654579765905
ENSG00000173692	PSMD1	0.924961293860208	0.999950392948841	-0.0144900778050099
ENSG00000171863	RPS7	0.734091334557303	0.999950392948841	-0.0492303605329525
ENSG00000074695	LMAN1	0.761724452053792	0.999950392948841	0.0770908401927816
ENSG00000149532	CPSF7	0.638083752685855	0.999950392948841	0.0820923850209819
ENSG00000058804	NDC1	0.943423689399997	0.999950392948841	0.0203810344748697
ENSG00000140350	ANP32A	0.701761469445255	0.999950392948841	-0.112250094628995
ENSG00000056097	ZFR	0.81811972665551	0.999950392948841	-0.0879966933141484
ENSG00000110700	RPS13	0.991580295599659	0.999950392948841	0.00150400465241832
ENSG00000141101	NOB1	0.94811263692712	0.999950392948841	-0.0210118120242398
ENSG00000021776	AQR	0.490527541050224	0.999950392948841	-0.109620112653729
ENSG00000169564	PCBP1	0.454392942998681	0.999950392948841	-0.106626581405936
ENSG00000197785	ATAD3A	0.961753239499648	0.999950392948841	-0.00993716573126888
ENSG00000130810	PPAN	0.148847667707308	0.999950392948841	0.228024246814705
ENSG00000196396	PTPN1	0.778522494098368	0.999950392948841	-0.0821258831394716
ENSG00000063177	RPL18	0.727586959328807	0.999950392948841	0.0519555729726242
ENSG00000177733	HNRNPA0	0.869559894337259	0.999950392948841	-0.0291248953873033
ENSG00000197459	HIST1H2BH	0.762393961672145	0.999950392948841	-0.101483575140134
ENSG00000128245	YWHAH	0.886607578835114	0.999950392948841	0.0202246864108039
ENSG00000115760	BIRC6	0.767658067179529	0.999950392948841	-0.0696501325410557
ENSG00000133026	MYH10	0.781595632773534	0.999950392948841	0.0462451684524332
ENSG00000109111	SUPT6H	0.833553008138482	0.999950392948841	-0.0391829543847149
ENSG00000101126	ADNP	0.826195069160408	0.999950392948841	-0.0475129645832185
ENSG00000130811	EIF3G	0.562131433424207	0.999950392948841	0.0837908218553102
ENSG00000157020	SEC13	0.57612613268805	0.999950392948841	-0.0848998484900821
ENSG00000125835	SNRPB	0.478958375530039	0.999950392948841	-0.1001820418463
ENSG00000113649	TCERG1	0.315374350298785	0.999950392948841	0.163430837943014
ENSG00000107164	FUBP3	0.849964393943758	0.999950392948841	-0.0400986860717797
ENSG00000000419	DPM1	0.573418530602845	0.999950392948841	-0.0870220468040201
ENSG00000100220	RTCB	0.86376663698338	0.999950392948841	-0.0703306777440114
ENSG00000116221	MRPL37	0.445067284553621	0.999950392948841	-0.109071138626252
ENSG00000130713	EXOSC2	0.79509839976771	0.999950392948841	0.0599386618654696
ENSG00000172660	TAF15	0.651892097589332	0.999950392948841	-0.0657580283071285
ENSG00000239857	GET4	0.254867563314156	0.999950392948841	0.187349170797237
ENSG00000125691	RPL23	0.725475036599389	0.999950392948841	0.0508432065219715
ENSG00000130816	DNMT1	0.989200817294746	0.999950392948841	-0.0020760587745903
ENSG00000108344	PSMD3	0.774327833590464	0.999950392948841	-0.1013568359757
ENSG00000168496	FEN1	0.697226877918558	0.999950392948841	-0.0573730963665735
ENSG00000185624	P4HB	0.709200509073752	0.999950392948841	-0.0531334892662289
ENSG00000156976	EIF4A2	0.610628629703293	0.999950392948841	0.0755180862357753
ENSG00000113810	SMC4	0.500069239063644	0.999950392948841	-0.103234719844017
ENSG00000165678	GHITM	0.333593152031851	0.999950392948841	-0.137014610746692
ENSG00000002834	LASP1	0.236278691845822	0.999950392948841	-0.177313654844148
ENSG00000084207	GSTP1	0.174612341638043	0.999950392948841	0.194701670117709
ENSG00000018699	TTC27	0.608838123478362	0.999950392948841	-0.272286256163218
ENSG00000115053	NCL	0.843937045608179	0.999950392948841	-0.0877675768311263
ENSG00000160211	G6PD	0.996248696928493	0.999950392948841	0.00132171612365514
ENSG00000135269	TES	0.392050298631776	0.999950392948841	0.250442005892741
ENSG00000090861	AARS	0.752068146714239	0.999950392948841	0.0479876770051361
ENSG00000132142	ACACA	0.784767122909881	0.999950392948841	0.0531044670589876
ENSG00000113387	SUB1	0.598458789624406	0.999950392948841	-0.0768908327943579
ENSG00000126883	NUP214	0.752534624458636	0.999950392948841	-0.061703002202704
ENSG00000160193	WDR4	0.859748839512412	0.999950392948841	0.0609949113816205
ENSG00000149485	FADS1	0.482724173003524	0.999950392948841	0.189185056479716
ENSG00000142507	PSMB6	0.660161222800786	0.999950392948841	-0.0692222648297006
ENSG00000169299	PGM2	0.174279511701464	0.999950392948841	-0.421873691219023
ENSG00000157349	DDX19B	0.956441671308041	0.999950392948841	0.0105646305612135
ENSG00000104884	ERCC2	0.467445752877805	0.999950392948841	0.133231595142207
ENSG00000165280	VCP	0.736792038838038	0.999950392948841	-0.0759443133073325
ENSG00000033050	ABCF2	0.829341024955636	0.999950392948841	-0.0873340493655519
ENSG00000048740	CELF2	0.824928546212934	0.999950392948841	0.109266109899074
ENSG00000269955	LUC7L2	0.674026495905116	0.999950392948841	-0.218674185355739
ENSG00000138069	RAB1A	0.517401135194722	0.999950392948841	-0.125644486153928
ENSG00000143416	SELENBP1	0.0980516927324541	0.999950392948841	0.664942195439086
ENSG00000141522	ARHGDIA	0.832799688987529	0.999950392948841	-0.051959467639036
ENSG00000140105	WARS	0.630314859386652	0.999950392948841	0.115926607545107
ENSG00000075618	FSCN1	0.711549382747533	0.999950392948841	0.14589329347503
ENSG00000143977	SNRPG	0.301154638591962	0.999950392948841	-0.151604387898901
ENSG00000160201	U2AF1	0.614273799408252	0.999950392948841	-0.0716161436288481
ENSG00000141279	NPEPPS	0.962314605152685	0.999950392948841	-0.00975984915734843
ENSG00000183032	SLC25A21	0.424346598927022	0.999950392948841	-0.347965059592292
ENSG00000170759	KIF5B	0.438669962606367	0.999950392948841	-0.211903191771661
ENSG00000111605	CPSF6	0.665101992746008	0.999950392948841	-0.0862409869977308
ENSG00000156697	UTP14A	0.888271494379298	0.999950392948841	-0.0493394331901845
ENSG00000168872	DDX19A	0.788205023054502	0.999950392948841	0.0665961559401834
ENSG00000113643	RARS	0.619156518818035	0.999950392948841	-0.135579938836551
ENSG00000107581	EIF3A	0.649726239938033	0.999950392948841	-0.170552789380864
ENSG00000100297	MCM5	0.536679626668936	0.999950392948841	-0.167715445203318
ENSG00000113575	PPP2CA	0.64991763059126	0.999950392948841	-0.23541100693118
ENSG00000106636	YKT6	0.69442827054856	0.999950392948841	-0.0855727569473241
ENSG00000136628	EPRS	0.655418442012775	0.999950392948841	-0.0889990596892982
ENSG00000080371	RAB21	0.244319627668047	0.999950392948841	-0.276511158429448
ENSG00000215301	DDX3X	0.936844304283226	0.999950392948841	0.0148747519182054
ENSG00000160208	RRP1B	0.841911148189399	0.999950392948841	0.0967418446956057
ENSG00000073578	SDHA	0.795643769117771	0.999950392948841	0.0379666627522729
ENSG00000161847	RAVER1	0.844393749203912	0.999950392948841	-0.079094216544928
ENSG00000138071	ACTR2	0.637522324998357	0.999950392948841	-0.219063560221648
ENSG00000179950	PUF60	0.755042271271842	0.999950392948841	-0.096836372035449
ENSG00000114767	RRP9	0.894812349844339	0.999950392948841	0.0403922973673217
ENSG00000162813	BPNT1	0.574590973801056	0.999950392948841	-0.148707448681777
ENSG00000205323	SARNP	0.520907575729494	0.999950392948841	-0.0968587887404689
ENSG00000153107	ANAPC1	0.647577429176067	0.999950392948841	0.0725160339820977
ENSG00000101557	USP14	0.520253633835599	0.999950392948841	-0.183349137687575
ENSG00000078668	VDAC3	0.140328521735284	0.999950392948841	-0.213844718962062
ENSG00000072506	HSD17B10	0.768951409096207	0.999950392948841	-0.0657391137496554
ENSG00000183684	ALYREF	0.30246045377921	0.999950392948841	-0.15018591372486
ENSG00000118873	RAB3GAP2	0.513318093191224	0.999950392948841	-0.149898394562147
ENSG00000121060	TRIM25	0.982541746007338	0.999950392948841	0.00803593316343854
ENSG00000113407	TARS	0.812294725668117	0.999950392948841	-0.0341353655260133
ENSG00000130826	DKC1	0.76643454904036	0.999950392948841	-0.0449643497414855
ENSG00000105401	CDC37	0.517439909574323	0.999950392948841	0.0955459280957201
ENSG00000163577	EIF5A2	0.238051864608004	0.999950392948841	-0.341095747432332
ENSG00000124942	AHNAK	0.257825643784309	0.999950392948841	0.541215253317093
ENSG00000100345	MYH9	0.103250983943141	0.999950392948841	-0.375130713290226
ENSG00000175390	EIF3F	0.784333231901122	0.999950392948841	0.0387374427579813
ENSG00000130830	MPP1	0.791316670994491	0.999950392948841	0.0572128234646083
ENSG00000156709	AIFM1	0.90742227069645	0.999950392948841	0.0174467147155779
ENSG00000183207	RUVBL2	0.489020303638886	0.999950392948841	-0.160860247284252
ENSG00000163714	U2SURP	0.8370381643686	0.999950392948841	0.0356385719669579
ENSG00000254772	EEF1G	0.719479363024977	0.999950392948841	-0.0566602282134762
ENSG00000189091	SF3B3	0.595863159532153	0.999950392948841	-0.111598029022891
ENSG00000100023	PPIL2	0.754043298659963	0.999950392948841	0.0486613980131064
ENSG00000134001	EIF2S1	0.737896640763368	0.999950392948841	-0.133992178587935
ENSG00000137076	TLN1	0.411291306638446	0.999950392948841	-0.118990020390067
ENSG00000092199	HNRNPC	0.754603789159885	0.999950392948841	-0.0521446464223292
ENSG00000185813	PCYT2	0.522933884449462	0.999950392948841	-0.117686677052245
ENSG00000100353	EIF3D	0.896562949206949	0.999950392948841	-0.0186000968756286
ENSG00000134333	LDHA	0.956776269043958	0.999950392948841	-0.0276517681612176
ENSG00000167004	PDIA3	0.784628820491651	0.999950392948841	-0.0572737936798748
ENSG00000086758	HUWE1	0.915925745666349	0.999950392948841	-0.0175789640161422
ENSG00000211456	SACM1L	0.599172361524947	0.999950392948841	-0.138899209057743
ENSG00000100030	MAPK1	0.706666658198402	0.999950392948841	-0.218064060347808
ENSG00000148308	GTF3C5	0.986885496914482	0.999950392948841	0.00252939443193691
ENSG00000133835	HSD17B4	0.479717038091725	0.999950392948841	0.277359197740874
ENSG00000149480	MTA2	0.918352012094845	0.999950392948841	0.0157406499472375
ENSG00000154310	TNIK	0.603575947621115	0.999950392948841	-0.209227414484165
ENSG00000162819	BROX	0.0908139758171047	0.999950392948841	-0.329967060631001
ENSG00000075188	NUP37	0.72354170949205	0.999950392948841	-0.0728022528063376
ENSG00000004142	POLDIP2	0.811897727671793	0.999950392948841	-0.0760265633030682
ENSG00000241945	PWP2	0.865712420166833	0.999950392948841	-0.0561827923353849
ENSG00000100034	PPM1F	0.750490223494626	0.999950392948841	0.15079790159123
ENSG00000166986	MARS	0.26190872350653	0.999950392948841	0.166944037670422
ENSG00000247077	PGAM5	0.843078183744843	0.999950392948841	-0.100187252687234
ENSG00000104852	SNRNP70	0.714320979444344	0.999950392948841	0.0518271551246095
ENSG00000101310	SEC23B	0.587517296401601	0.999950392948841	-0.152795666363777
ENSG00000160221	C21orf33	0.730506197702325	0.999950392948841	0.0618083294388363
ENSG00000167978	SRRM2	0.613934056974713	0.999950392948841	0.156254802609976
ENSG00000138430	OLA1	0.417628837867249	0.999950392948841	-0.185764407792806
ENSG00000100038	TOP3B	0.322049560385978	0.999950392948841	0.205176485631059
ENSG00000125743	SNRPD2	0.795079925346066	0.999950392948841	0.0369915818401125
ENSG00000166441	RPL27A	0.80587644947606	0.999950392948841	-0.0364269099669764
ENSG00000115415	STAT1	0.428219431417147	0.999950392948841	-0.22392679398127
ENSG00000103363	TCEB2	0.910356435345668	0.999950392948841	-0.0163177022342052
ENSG00000108528	SLC25A11	0.551664255818362	0.999950392948841	-0.0946050694966478
ENSG00000182872	RBM10	0.654264067496003	0.999950392948841	-0.064673832369321
ENSG00000139675	HNRNPA1L2	0.436963539445632	0.999950392948841	0.159961666895513
ENSG00000083845	RPS5	0.723266241883426	0.999950392948841	-0.0516778083971961
ENSG00000165416	SUGT1	0.502708781322064	0.999950392948841	-0.100054749563034
ENSG00000110090	CPT1A	0.617286502087274	0.999950392948841	-0.195804403408411
ENSG00000163682	RPL9	0.923236633830697	0.999950392948841	-0.0157943832647961
ENSG00000067225	PKM	0.120706506837993	0.999950392948841	0.23027979099648
ENSG00000124614	RPS10	0.939218431802191	0.999950392948841	0.0111060461604531
ENSG00000148303	RPL7A	0.984957912115628	0.999950392948841	-0.00295258886009957
ENSG00000128340	RAC2	0.851825315508712	0.999950392948841	-0.0376146694574526
ENSG00000130985	UBA1	0.90548946793918	0.999950392948841	-0.0217495052207145
ENSG00000101596	SMCHD1	0.621918557262066	0.999950392948841	-0.111916737851094
ENSG00000084774	CAD	0.429595335177385	0.999950392948841	0.133029298618067
ENSG00000106615	RHEB	0.0939528425408239	0.999950392948841	-0.261821988945762
ENSG00000153944	MSI2	0.403257765499438	0.999950392948841	-0.211049545470819
ENSG00000089597	GANAB	0.58371987844551	0.999950392948841	-0.0836514975000829
ENSG00000167881	SRP68	0.62261335358799	0.999950392948841	-0.073312917885828
ENSG00000156482	RPL30	0.710484687110542	0.999950392948841	-0.0535769649295735
ENSG00000159921	GNE	0.082775656365669	0.999950392948841	-0.323695224044815
ENSG00000141959	PFKL	0.524938024478225	0.999950392948841	-0.0911589037625085
ENSG00000101343	CRNKL1	0.621092606362829	0.999950392948841	-0.0765207165548615
ENSG00000092201	SUPT16H	0.802387855448692	0.999950392948841	0.0368538418331962
ENSG00000162244	RPL29	0.839022965807802	0.999950392948841	0.0302077195870485
ENSG00000100941	PNN	0.106109309381027	0.999950392948841	0.296913708882579
ENSG00000130726	TRIM28	0.651256643682075	0.999950392948841	0.0641541809252484
ENSG00000129351	ILF3	0.40550246084766	0.999950392948841	0.120126718297812
ENSG00000161203	AP2M1	0.234315019377834	0.999950392948841	-0.171819152485651
ENSG00000181610	MRPS23	0.767423762966296	0.999950392948841	0.10092306806374
ENSG00000131652	THOC6	0.657689521275257	0.999950392948841	0.0701957524976254
ENSG00000206560	ANKRD28	0.657954622611114	0.999950392948841	-0.134595957522632
ENSG00000108518	PFN1	0.631685153591549	0.999950392948841	-0.1216881647723
ENSG00000104356	POP1	0.853728169980171	0.999950392948841	-0.129846573048838
ENSG00000100097	LGALS1	0.659520089560496	0.999950392948841	0.153058274997928
ENSG00000104131	EIF3J	0.777741234005146	0.999950392948841	-0.0598754923976894
ENSG00000089280	FUS	0.561966621483198	0.999950392948841	0.0821652670609782
ENSG00000083520	DIS3	0.547694826344558	0.999950392948841	-0.227810445857854
ENSG00000105220	GPI	0.947468615788943	0.999950392948841	0.0441133765098396
ENSG00000234857	HNRNPUL2-BSCL2	0.419284076368779	0.999950392948841	-0.235722154258664
ENSG00000013375	PGM3	0.975164122564147	0.999950392948841	-0.0107350158145261
ENSG00000133313	CNDP2	0.840784998607442	0.999950392948841	-0.0492126279809837
ENSG00000101811	CSTF2	0.62349442554816	0.999950392948841	-0.121285904882746
ENSG00000143815	LBR	0.241550208262875	0.999950392948841	-0.17510125013364
ENSG00000100129	EIF3L	0.900616591917785	0.999950392948841	0.0178921935990974
ENSG00000197498	RPF2	0.604858499792916	0.999950392948841	-0.0836476085089591
ENSG00000136450	SRSF1	0.99021099533839	0.999950392948841	-0.00329470547787913
ENSG00000119203	CPSF3	0.659482890479074	0.999950392948841	-0.0893700267347428
ENSG00000079805	DNM2	0.627015399516611	0.999950392948841	0.0755575243604201
ENSG00000090273	NUDC	0.934735400758237	0.999950392948841	-0.014976103050475
ENSG00000166747	AP1G1	0.954649675497148	0.999950392948841	-0.0189727087816136
ENSG00000214753	HNRNPUL2	0.307828702822734	0.999950392948841	-0.14791065988692
ENSG00000143811	PYCR2	0.67586279399123	0.999950392948841	0.0619889019111151
ENSG00000177613	CSTF2T	0.498293245153873	0.999950392948841	-0.10366891664821
ENSG00000136271	DDX56	0.21633245409243	0.999950392948841	0.186095087676547
ENSG00000196363	WDR5	0.818827627392863	0.999950392948841	0.034352584632062
ENSG00000253729	PRKDC	0.659259747778252	0.999950392948841	-0.0657135830824425
ENSG00000083312	TNPO1	0.920939278624865	0.999950392948841	-0.06372104843463
ENSG00000021355	SERPINB1	0.478958023072897	0.999950392948841	-0.129912786163075
ENSG00000154814	OXNAD1	0.824678867227002	0.999950392948841	-0.0442613194739548
ENSG00000163041	H3F3A	0.129609481742855	0.999950392948841	-0.22052972829383
ENSG00000126261	UBA2	0.380377552266981	0.999950392948841	-0.130942837486244
ENSG00000182827	ACBD3	0.449024575759412	0.999950392948841	-0.199333203692721
ENSG00000088930	XRN2	0.850377664107505	0.999950392948841	-0.0958239342115537
ENSG00000162231	NXF1	0.581604608245059	0.999950392948841	0.0937064286076694
ENSG00000170542	SERPINB9	0.684230916721029	0.999950392948841	0.220916693914603
ENSG00000160679	CHTOP	0.846059669130356	0.999950392948841	-0.0282431508091374
ENSG00000143799	PARP1	0.679373492053439	0.999950392948841	-0.170401460799576
ENSG00000170727	BOP1	0.881900299237304	0.999950392948841	0.0582615572050696
ENSG00000102317	RBM3	0.398126772155602	0.999950392948841	-0.170444224735232
ENSG00000112651	MRPL2	0.79925881281917	0.999950392948841	0.0459318782348059
ENSG00000142453	CARM1	0.242716172258919	0.999950392948841	-0.28153175729938
ENSG00000111786	SRSF9	0.949636970895931	0.999950392948841	-0.012794158717955
ENSG00000143621	ILF2	0.968543365000468	0.999950392948841	-0.00946358129280725
ENSG00000100201	DDX17	0.170936149078826	0.999950392948841	0.303675938755359
ENSG00000104738	MCM4	0.547639293445879	0.999950392948841	-0.094954989759317
ENSG00000158941	CCAR2	0.758455020832033	0.999950392948841	-0.0924548566507418
ENSG00000100722	ZC3H14	0.461528749524048	0.999950392948841	-0.122348935831454
ENSG00000181163	NPM1	0.880139398873725	0.999950392948841	-0.0572983316918704
ENSG00000112972	HMGCS1	0.729410148372794	0.999950392948841	-0.0921309374977227
ENSG00000140263	SORD	0.982117572705849	0.999950392948841	0.0126382242083245
ENSG00000131747	TOP2A	0.744894064750181	0.999950392948841	-0.114320079363022
ENSG00000172893	DHCR7	0.959545828026328	0.999950392948841	0.0122175710887203
ENSG00000197102	DYNC1H1	0.158646247383141	0.999950392948841	-0.225622046958248
ENSG00000100226	GTPBP1	0.681828553264757	0.999950392948841	-0.0727865827122093
ENSG00000127616	SMARCA4	0.386014223657322	0.999950392948841	0.128169794894161
ENSG00000148843	PDCD11	0.521048778738609	0.999950392948841	0.127773252249654
ENSG00000138668	HNRNPD	0.712287498095806	0.999950392948841	-0.084901086861026
ENSG00000142541	RPL13A	0.608544330966902	0.999950392948841	0.0792035515861607
ENSG00000142864	SERBP1	0.818602133888159	0.999950392948841	-0.0733620909402557
ENSG00000139746	RBM26	0.957193903190655	0.999950392948841	0.00825220441019574
ENSG00000185238	PRMT3	0.260988166084648	0.999950392948841	0.312089158102073
ENSG00000142534	RPS11	0.938182158729189	0.999950392948841	0.0114666177385079
ENSG00000118246	FASTKD2	0.66512415584506	0.999950392948841	-0.129510232037423
ENSG00000143761	ARF1	0.466762231423718	0.999950392948841	-0.104428348924918
ENSG00000010671	BTK	0.988210079262556	0.999950392948841	0.00253346957889574
ENSG00000152795	HNRNPDL	0.83763444360918	0.999950392948841	0.0508955845040215
ENSG00000120705	ETF1	0.88902806101151	0.999950392948841	-0.0377152305007712
ENSG00000140829	DHX38	0.870326126011506	0.999950392948841	0.0278844081046762
ENSG00000168906	MAT2A	0.0574908656762067	0.999950392948841	0.273769385637242
ENSG00000080824	HSP90AA1	0.68532252785127	0.999950392948841	-0.187024411103517
ENSG00000100316	RPL3	0.983201612849933	0.999950392948841	0.00323636911493826
ENSG00000130764	LRRC47	0.940886807285236	0.999950392948841	-0.0132049923115132
ENSG00000112992	NNT	0.0642543266433872	0.999950392948841	-0.316256287555657
ENSG00000115816	CEBPZ	0.881025329686017	0.999950392948841	-0.0258263290364929
ENSG00000116754	SRSF11	0.28325257891663	0.999950392948841	0.159480612232277
ENSG00000070756	PABPC1	0.952401966573075	0.999950392948841	0.00854968533767024
ENSG00000145741	BTF3	0.893952203874143	0.999950392948841	-0.0190322368315711
ENSG00000241343	RPL36A	0.89734712555927	0.999950392948841	-0.0310180100986593
ENSG00000071894	CPSF1	0.0866392028379566	0.999950392948841	0.270399534025634
ENSG00000262246	CORO7	0.0963683111526686	0.999950392948841	0.31750652855473
ENSG00000257529	RPL36A-HNRNPH2	0.627322520565255	0.999950392948841	0.454430017431631
ENSG00000059573	ALDH18A1	0.8358344044455	0.999950392948841	-0.0528818130297992
ENSG00000116761	CTH	0.194314045187312	0.999950392948841	0.321564590330588
ENSG00000137497	NUMA1	0.985486851480886	0.999950392948841	-0.00331184761360367
ENSG00000196262	PPIA	0.75579774409743	0.999950392948841	-0.0470035694530099
ENSG00000132485	ZRANB2	0.873556106492605	0.999950392948841	0.0243661194404457
ENSG00000065150	IPO5	0.74000786347753	0.999950392948841	0.0903795526935358
ENSG00000107223	EDF1	0.730555245932016	0.999950392948841	-0.0487598723216317
ENSG00000164338	UTP15	0.742388430069251	0.999950392948841	-0.115604896716262
ENSG00000110917	MLEC	0.741860231001946	0.999950392948841	-0.0910412545361521
ENSG00000037241	RPL26L1	0.733489645733573	0.999950392948841	-0.0540951667954781
ENSG00000126457	PRMT1	0.780683253320889	0.999950392948841	-0.106385273580442
ENSG00000161204	ABCF3	0.374974684842776	0.999950392948841	0.161664414677965
ENSG00000177954	RPS27	0.771510795657271	0.999950392948841	-0.0433856772357117
ENSG00000171848	RRM2	0.50149339756663	0.999950392948841	-0.0971203327775895
ENSG00000108064	TFAM	0.923321293511534	0.999950392948841	-0.0659274951613261
ENSG00000069248	NUP133	0.774522102542548	0.999950392948841	0.0504357678961881
ENSG00000095002	MSH2	0.190169167385596	0.999950392948841	-0.203286510883652
ENSG00000115233	PSMD14	0.506971380424801	0.999950392948841	-0.186881277263752
ENSG00000138674	SEC31A	0.813190820551527	0.999950392948841	-0.0372965277252734
ENSG00000126945	HNRNPH2	0.767026095940223	0.999950392948841	-0.0693125659959823
ENSG00000168883	USP39	0.987260423286349	0.999950392948841	-0.0025755971548079
ENSG00000135776	ABCB10	0.353302334453095	0.999950392948841	-0.137944739854251
ENSG00000095139	ARCN1	0.544853330655612	0.999950392948841	-0.110379589394997
ENSG00000135763	URB2	0.996787122268349	0.999950392948841	0.00131059922323862
ENSG00000143641	GALNT2	0.897508176392289	0.999950392948841	-0.036778713072312
ENSG00000174748	RPL15	0.901917771529978	0.999950392948841	-0.0189206981618468
ENSG00000196961	AP2A1	0.474604084872694	0.999950392948841	-0.10288700164647
ENSG00000047249	ATP6V1H	0.941037150402775	0.999950392948841	-0.0138690203805467
ENSG00000164924	YWHAZ	0.662037767412088	0.999950392948841	-0.183400306613952
ENSG00000109133	TMEM33	0.912955994688944	0.999950392948841	-0.0710208925602632
ENSG00000180198	RCC1	0.863561575174434	0.999950392948841	0.0623908685906093
ENSG00000087269	NOP14	0.759203639231915	0.999950392948841	0.080931969541376
ENSG00000107929	LARP4B	0.812317089712142	0.999950392948841	-0.0856372581587443
ENSG00000115761	NOL10	0.975428169571033	0.999950392948841	-0.0109314491323309
ENSG00000198492	YTHDF2	0.452649527154665	0.999950392948841	-0.179618233657553
ENSG00000164466	SFXN1	0.594395866926217	0.999950392948841	-0.217039861141954
ENSG00000015479	MATR3	0.489841245982561	0.999950392948841	-0.191266520499745
ENSG00000100380	ST13	0.312307261884349	0.999950392948841	-0.268979242126599
ENSG00000135046	ANXA1	0.593987301471195	0.999950392948841	0.10875022116393
ENSG00000108559	NUP88	0.574209987740532	0.999950392948841	-0.0881087288150534
ENSG00000112739	PRPF4B	0.224635442882906	0.999950392948841	0.189215868568334
ENSG00000159023	EPB41	0.967712303040723	0.999950392948841	-0.00950724044400653
ENSG00000116062	MSH6	0.344324666464754	0.999950392948841	-0.307332091825836
ENSG00000188229	TUBB4B	0.240716360100664	0.999950392948841	-0.173514596157679
ENSG00000097021	ACOT7	0.560176281100013	0.999950392948841	-0.0864280652185642
ENSG00000110367	DDX6	0.530596185736095	0.999950392948841	-0.308003061986107
ENSG00000149100	EIF3M	0.853813766488766	0.999950392948841	-0.0288122091093784
ENSG00000134900	TPP2	0.659275125559038	0.999950392948841	0.0792581826445019
ENSG00000162613	FUBP1	0.887173704988053	0.999950392948841	0.0212815206203721
ENSG00000100650	SRSF5	0.935736436956155	0.999950392948841	0.0114969161363542
ENSG00000107937	GTPBP4	0.895392764801077	0.999950392948841	-0.0447399547116636
ENSG00000077097	TOP2B	0.876614151511653	0.999950392948841	0.032609736886809
ENSG00000108654	DDX5	0.907881322103568	0.999950392948841	-0.0166631866763544
ENSG00000116350	SRSF4	0.620332968028791	0.999950392948841	0.0742270016137733
ENSG00000143569	UBAP2L	0.960015158927586	0.999950392948841	-0.00738841778755213
ENSG00000118181	RPS25	0.854253789358277	0.999950392948841	0.0283431824864255
ENSG00000104517	UBR5	0.900197485526634	0.999950392948841	0.0219670506647006
ENSG00000136731	UGGT1	0.815418538605436	0.999950392948841	-0.049872511179602
ENSG00000213782	DDX47	0.887471332082048	0.999950392948841	-0.0317081975813913
ENSG00000139343	SNRPF	0.674676366038529	0.999950392948841	0.0640692174663358
ENSG00000149428	HYOU1	0.678086417307926	0.999950392948841	-0.171287829833253
ENSG00000176102	CSTF3	0.958107398200515	0.999950392948841	-0.0101165918757774
ENSG00000065427	KARS	0.746389113582075	0.999950392948841	-0.0472764894223937
ENSG00000151806	GUF1	0.695094701538449	0.999950392948841	0.0713811351241655
ENSG00000100462	PRMT5	0.88270966402957	0.999950392948841	0.040282156514795
ENSG00000135316	SYNCRIP	0.776555666270942	0.999950392948841	-0.131368936185471
ENSG00000001497	LAS1L	0.878192281190809	0.999950392948841	-0.0393327190327929
ENSG00000011304	PTBP1	0.782921011301686	0.999950392948841	-0.0782996649677313
ENSG00000182154	MRPL41	0.118937060994626	0.999950392948841	0.236293434648
ENSG00000151092	NGLY1	0.393926656691662	0.999950392948841	-0.130916984569158
ENSG00000141385	AFG3L2	0.731683164207392	0.999950392948841	-0.0911446629973334
ENSG00000100410	PHF5A	0.476972250864219	0.999950392948841	-0.119829447038581
ENSG00000070814	TCOF1	0.766196873793525	0.999950392948841	0.0994522758779629
ENSG00000143889	HNRNPLL	0.710182701507254	0.999950392948841	-0.127691600187144
ENSG00000256269	HMBS	0.639984409284171	0.999950392948841	-0.172012936457493
ENSG00000186635	ARAP1	0.889030192734648	0.999950392948841	0.0243246444436676
ENSG00000147065	MSN	0.842499838824216	0.999950392948841	-0.117115410413855
ENSG00000143870	PDIA6	0.572314200366886	0.999950392948841	-0.2098562415318
ENSG00000103653	CSK	0.902207077551212	0.999950392948841	-0.0381119192659517
ENSG00000158417	EIF5B	0.590698840311946	0.999950392948841	-0.135831325389941
ENSG00000008988	RPS20	0.979982254111168	0.999950392948841	0.00370903958123966
ENSG00000111144	LTA4H	0.620784493904737	0.999950392948841	0.0766888640740688
ENSG00000169710	FASN	0.637190037454211	0.999950392948841	0.0704487377469585
ENSG00000132300	PTCD3	0.402341127613518	0.999950392948841	0.138562851030673
ENSG00000166598	HSP90B1	0.330126893467369	0.999950392948841	-0.143347511260795
ENSG00000067057	PFKP	0.543471069315617	0.999950392948841	-0.305011578942261
ENSG00000135069	PSAT1	0.695967757323034	0.999950392948841	0.0741490622213288
ENSG00000135387	CAPRIN1	0.69461712574702	0.999950392948841	-0.131108885690977
ENSG00000196419	XRCC6	0.623194298247881	0.999950392948841	-0.128262520144377
ENSG00000087077	TRIP6	0.290834958120533	0.999950392948841	0.326447123530767
ENSG00000135372	NAT10	0.353134065575751	0.999950392948841	0.162804912162196
ENSG00000164934	DCAF13	0.829978463222552	0.999950392948841	-0.123690133180886
ENSG00000160710	ADAR	0.899927515283343	0.999950392948841	-0.0405821872588685
ENSG00000161265	U2AF1L4	0.687206272385196	0.999950392948841	0.178716212922411
ENSG00000037474	NSUN2	0.677812778395498	0.999950392948841	0.115084968731156
ENSG00000136261	BZW2	0.752386470235051	0.999950392948841	0.118322693459178
ENSG00000119285	HEATR1	0.929699792151124	0.999950392948841	-0.045096463072792
ENSG00000204574	ABCF1	0.611624125702413	0.999950392948841	0.0763643171420509
ENSG00000006744	ELAC2	0.98036304358912	0.999950392948841	0.00593067292729341
ENSG00000164587	RPS14	0.852854647128665	0.999950392948841	-0.0271303812402521
ENSG00000085415	SEH1L	0.880471043602169	0.999950392948841	-0.0622957081541788
ENSG00000115875	SRSF7	0.906063143825841	0.999950392948841	0.0167740611220915
ENSG00000164346	NSA2	0.72824553535014	0.999950392948841	-0.0536082599806855
ENSG00000065268	WDR18	0.205803210489538	0.999950392948841	0.197817467605652
ENSG00000161547	SRSF2	0.419038810661149	0.999950392948841	0.114776934775627
ENSG00000087087	SRRT	0.392342561625326	0.999950392948841	0.129739777431934
ENSG00000132305	IMMT	0.823945721247244	0.999950392948841	0.0317433875242964
ENSG00000187555	USP7	0.560188812035503	0.999950392948841	-0.0979318045749986
ENSG00000086589	RBM22	0.776764744998909	0.999950392948841	-0.0470998843031178
ENSG00000139697	SBNO1	0.685422379789689	0.999950392948841	-0.204208298254727
ENSG00000007923	DNAJC11	0.795507683813238	0.999950392948841	0.0570256460321721
ENSG00000136699	SMPD4	0.511238538182169	0.999950392948841	0.0936812169586225
ENSG00000141367	CLTC	0.33811947097735	0.999950392948841	-0.138846656813011
ENSG00000176986	SEC24C	0.461507947192546	0.999950392948841	-0.112971509373114
ENSG00000165119	HNRNPK	0.467590740656817	0.999950392948841	-0.134674354309614
ENSG00000100664	EIF5	0.702431002358242	0.999950392948841	-0.164423558500977
ENSG00000163938	GNL3	0.126501928813274	0.999950392948841	0.245921108705169
ENSG00000062822	POLD1	0.462415425213099	0.999950392948841	0.291830395969545
ENSG00000141378	PTRH2	0.762383316632146	0.999950392948841	0.0460390413887071
ENSG00000104388	RAB2A	0.768978474380895	0.999950392948841	-0.0946001365317804
ENSG00000100804	PSMB5	0.534860857941849	0.999950392948841	0.0915560537171315
ENSG00000139842	CUL4A	0.547923555853199	0.999950392948841	-0.0940531479683733
ENSG00000137944	CCBL2	0.0975083617270675	0.999950392948841	-0.28635477235778
ENSG00000175582	RAB6A	0.15683856387387	0.999950392948841	-0.247110972935471
ENSG00000100813	ACIN1	0.456783128558769	0.999950392948841	0.1118421966405
ENSG00000074800	ENO1	0.666662630049052	0.999950392948841	0.0977988152596001
ENSG00000108651	UTP6	0.496118441642672	0.999950392948841	0.114262003523961
ENSG00000167815	PRDX2	0.948667274501093	0.999950392948841	-0.0160753942336669
ENSG00000144895	EIF2A	0.604495182124188	0.999950392948841	0.0864220934570981
ENSG00000175166	PSMD2	0.553009616524958	0.999950392948841	-0.125561222937493
ENSG00000175575	PAAF1	0.604418902489891	0.999950392948841	-0.085962632495438
ENSG00000153187	HNRNPU	0.405359918912393	0.999950392948841	-0.154919747243947
ENSG00000136270	TBRG4	0.811119837127116	0.999950392948841	-0.0371999883244915
ENSG00000162664	ZNF326	0.881971722867317	0.999950392948841	0.0234265608190348
ENSG00000125970	RALY	0.718239347530218	0.999950392948841	-0.0534083714048028
ENSG00000169871	TRIM56	0.80509532209887	0.999950392948841	-0.0670215953502178
ENSG00000185129	PURA	0.150841217193357	0.999950392948841	-0.400160044292102
ENSG00000100227	POLDIP3	0.537939279683557	0.999950392948841	-0.0959200093328919
ENSG00000125977	EIF2S2	0.928813194445306	0.999950392948841	0.0126461195524363
ENSG00000104408	EIF3E	0.331468217974903	0.999950392948841	0.138243227014268
ENSG00000101444	AHCY	0.671984021868951	0.999950392948841	0.144657404272836
ENSG00000100243	CYB5R3	0.320930440110657	0.999950392948841	-0.183111664969529
ENSG00000147274	RBMX	0.781200322922384	0.999950392948841	-0.0655665461561856
ENSG00000105254	TBCB	0.971297545150251	0.999950392948841	0.00604122510791073
ENSG00000121774	KHDRBS1	0.357332225019972	0.999950392948841	-0.20807255384914
ENSG00000120526	NUDCD1	0.911438248915097	0.999950392948841	-0.0600142759958739
ENSG00000067248	DHX29	0.47667328606799	0.999950392948841	-0.219383274821201
ENSG00000071082	RPL31	0.824514754367565	0.999950392948841	0.0339599731720111
ENSG00000153207	AHCTF1	0.968130991855937	0.999950392948841	-0.015756360626879
ENSG00000197157	SND1	0.862348294769409	0.999950392948841	-0.0282304779219687
ENSG00000179218	CALR	0.955033950054541	0.999950392948841	-0.0106216284416956
ENSG00000039123	SKIV2L2	0.441602222434111	0.999950392948841	-0.187604610274166
ENSG00000131503	ANKHD1	0.419886169192906	0.999950392948841	-0.12075955500957
ENSG00000166181	API5	0.796208912329266	0.999950392948841	-0.0770964620202973
ENSG00000171490	RSL1D1	0.948889177940545	0.999950392948841	-0.014068753752623
ENSG00000075415	SLC25A3	0.589272005910475	0.999950392948841	-0.0768240172653189
ENSG00000185728	YTHDF3	0.968087906916822	0.999950392948841	-0.00924297474667019
ENSG00000090889	KIF4A	0.136789713707163	0.999950392948841	-0.227265533450706
ENSG00000100836	PABPN1	0.401602906889285	0.999950392948841	0.123174036779421
ENSG00000103342	GSPT1	0.687403431555149	0.999950392948841	-0.156622428485271
ENSG00000135655	USP15	0.659413483497329	0.999950392948841	-0.0786384157661804
ENSG00000196305	IARS	0.587612120401256	0.999950392948841	0.0974203396524892
ENSG00000151779	NBAS	0.946902803969272	0.999950392948841	-0.0154178552532101
ENSG00000084623	EIF3I	0.67964613730089	0.999950392948841	-0.0930997872371281
ENSG00000204560	DHX16	0.802954715749457	0.999950392948841	-0.0404523178553739
ENSG00000100304	TTLL12	0.924617926432755	0.999950392948841	0.037838323993786
ENSG00000134014	ELP3	0.976514931929068	0.999950392948841	-0.00538390727302779
ENSG00000112159	MDN1	0.443011754637942	0.999950392948841	0.216366637021077
ENSG00000071626	DAZAP1	0.539240219520603	0.999950392948841	0.0892352558835944
ENSG00000104907	TRMT1	0.0464511938297534	0.999950392948841	0.353935523988815
ENSG00000131069	ACSS2	0.854809237042452	0.999950392948841	-0.0384637292094974
ENSG00000163527	STT3B	0.474130025824535	0.999950392948841	-0.144879417772306
ENSG00000122406	RPL5	0.678816120970061	0.999950392948841	0.0624057053910653
ENSG00000106344	RBM28	0.940371343071902	0.999950392948841	0.0216383635587218
ENSG00000103194	USP10	0.962515232756916	0.999950392948841	0.00832137426924835
ENSG00000116478	HDAC1	0.826379106668884	0.999950392948841	0.0339164613208677
ENSG00000096746	HNRNPH3	0.414513046415542	0.999950392948841	-0.116074710382148
ENSG00000115268	RPS15	0.735597894104995	0.999950392948841	0.048396666534528
ENSG00000165525	NEMF	0.940288043736914	0.999950392948841	-0.0130691374832139
ENSG00000198189	HSD17B11	0.642728251864994	0.999950392948841	-0.0946298991567864
ENSG00000126858	RHOT1	0.193929699881834	0.999950392948841	0.204887549242772
ENSG00000145907	G3BP1	0.729263063298647	0.999950392948841	-0.138862902215145
ENSG00000140694	PARN	0.89886347138734	0.999950392948841	-0.0310851647879442
ENSG00000109971	HSPA8	0.659774625865344	0.999950392948841	-0.169458448617694
ENSG00000131469	RPL27	0.854314913228345	0.999950392948841	0.0267772075962019
ENSG00000114867	EIF4G1	0.906177959820573	0.999950392948841	-0.0198901979679438
ENSG00000150753	CCT5	0.612102517843944	0.999950392948841	-0.195768715396387
ENSG00000023734	STRAP	0.90727921083972	0.999950392948841	-0.0198671969222103
ENSG00000118363	SPCS2	0.55114494809112	0.999950392948841	-0.0919447828073784
ENSG00000108055	SMC3	0.210406646722453	0.999950392948841	-0.182424948562764
ENSG00000052749	RRP12	0.627361205922879	0.999950392948841	0.086312337213624
ENSG00000105379	ETFB	0.757595765080835	0.999950392948841	0.0475628095016483
ENSG00000102900	NUP93	0.899799096258719	0.999950392948841	0.0201149472816583
ENSG00000103512	NOMO1	0.666371314595576	0.999950392948841	-0.129433268512365
ENSG00000067334	DNTTIP2	0.697691160598226	0.999950392948841	-0.0603446510272621
ENSG00000142657	PGD	0.564714860349266	0.999950392948841	-0.123954937052672
ENSG00000196923	PDLIM7	0.447255913560179	0.999950392948841	0.230974563269557
ENSG00000119707	RBM25	0.0932481162434957	0.999950392948841	0.254835649605009
ENSG00000100347	SAMM50	0.717918532014937	0.999950392948841	-0.0535072190312412
ENSG00000151632	AKR1C2	0.0982304865178851	0.999950392948841	-0.767223312784381
ENSG00000117868	ESYT2	0.430117727808699	0.999950392948841	-0.220652159270285
ENSG00000242372	EIF6	0.864482859834785	0.999950392948841	-0.0360019448470966
ENSG00000162521	RBBP4	0.50843570309368	0.999950392948841	-0.185190845677857
ENSG00000079785	DDX1	0.315727824987171	0.999950392948841	-0.308959842263205
ENSG00000145216	FIP1L1	0.892230931348867	0.999950392948841	-0.0205090930880374
ENSG00000179409	GEMIN4	0.934616496599776	0.999950392948841	-0.0297382689446524
ENSG00000149273	RPS3	0.934840913530433	0.999950392948841	0.0125509900478106
ENSG00000120948	TARDBP	0.766423604292841	0.999950392948841	0.044416926398107
ENSG00000134684	YARS	0.664233342063223	0.999950392948841	0.0637611261739259
ENSG00000132153	DHX30	0.518999767788493	0.999950392948841	0.0995747348744892
ENSG00000196230	TUBB	0.464857076029558	0.999950392948841	-0.12422861658759
ENSG00000063046	EIF4B	0.725200979024383	0.999950392948841	-0.0812015249502445
ENSG00000116120	FARSB	0.935714394539984	0.999950392948841	0.0132168790937476
ENSG00000116649	SRM	0.253518345594327	0.999950392948841	0.20723782136391
ENSG00000147677	EIF3H	0.55567547479633	0.999950392948841	-0.0853770272628799
ENSG00000171824	EXOSC10	0.417767801254371	0.999950392948841	0.132188825500404
ENSG00000152601	MBNL1	0.55513649019416	0.999950392948841	-0.0931172799350743
ENSG00000147224	PRPS1	0.520840052045868	0.999950392948841	-0.115873482653299
ENSG00000047849	MAP4	0.956012780937162	0.999950392948841	-0.0187025340577414
ENSG00000198431	TXNRD1	0.79367659204808	0.999950392948841	-0.111238347776701
ENSG00000149257	SERPINH1	0.514061251674668	0.999950392948841	0.107885309826982
ENSG00000123983	ACSL3	0.824344996349552	0.999950392948841	0.042203059310661
ENSG00000004478	FKBP4	0.831407043113257	0.999950392948841	0.0683691447580932
ENSG00000155506	LARP1	0.610353981321188	0.999950392948841	0.119169922001001
ENSG00000108828	VAT1	0.891823344171131	0.999950392948841	0.0413780200634385
ENSG00000150991	UBC	0.388856276654819	0.999950392948841	-0.121889127677311
ENSG00000163931	TKT	0.527864403679888	0.999950392948841	-0.0908328293676366
ENSG00000137312	FLOT1	0.295391316956154	0.999950392948841	-0.159436536505805
ENSG00000131473	ACLY	0.866059262895817	0.999950392948841	-0.0578602383148172
ENSG00000162688	AGL	0.768228660833772	0.999950392948841	-0.0794434289846441
ENSG00000144029	MRPS5	0.488442175956058	0.999950392948841	0.1100681822482
ENSG00000107625	DDX50	0.813337218269434	0.999950392948841	-0.0408733130935758
ENSG00000121022	COPS5	0.938349450702177	0.999950392948841	-0.0120516428774507
ENSG00000104687	GSR	0.686389630006734	0.999950392948841	-0.111411921957951
ENSG00000071127	WDR1	0.632024329955703	0.999950392948841	-0.183258890436039
ENSG00000214078	CPNE1	0.803811190492917	0.999950392948841	-0.0894741604860577
ENSG00000158545	ZC3H18	0.743075348399858	0.999950392948841	0.0570424198206082
ENSG00000138363	ATIC	0.805110439242124	0.999950392948841	0.0369199919970053
ENSG00000123136	DDX39A	0.974347213144152	0.999950392948841	-0.00460255963129855
ENSG00000174953	DHX36	0.634788012967405	0.999950392948841	-0.108414165540988
ENSG00000167508	MVD	0.99077034062717	0.999950392948841	0.00184432609757432
ENSG00000123143	PKN1	0.35730442213708	0.999950392948841	0.155230297460971
ENSG00000041357	PSMA4	0.707403452347095	0.999950392948841	-0.0667128772610764
ENSG00000143924	EML4	0.828456332806418	0.999950392948841	-0.0805839947670651
ENSG00000106789	CORO2A	0.413728926490056	0.999950392948841	-0.528643510149918
ENSG00000184575	XPOT	0.806041451248678	0.999950392948841	0.0398666922502553
ENSG00000143627	PKLR	0.678259115820213	0.999950392948841	0.163358492689075
ENSG00000160752	FDPS	0.829324185646074	0.999950392948841	-0.0424971758953223
ENSG00000128591	FLNC	0.967994286100197	0.999950392948841	0.0564921904724323
ENSG00000197451	HNRNPAB	0.194989637548686	0.999950392948841	-0.184683752472431
ENSG00000099797	TECR	0.98856911187123	0.999950392948841	0.00212235463662433
ENSG00000175216	CKAP5	0.286212492308055	0.999950392948841	-0.236597607144027
ENSG00000244462	RBM12	0.646289225236071	0.999950392948841	-0.218461876942288
ENSG00000156508	EEF1A1	0.921062238833142	0.999950392948841	0.0176145057276139
ENSG00000057608	GDI2	0.409422279982456	0.999950392948841	-0.129664690512649
ENSG00000103226	NOMO3	0.755259245202449	0.999950392948841	0.0672215817589711
ENSG00000116560	SFPQ	0.994416280112263	0.999950392948841	0.000999619568131535
ENSG00000108639	SYNGR2	0.240143945414459	0.999950392948841	0.200083930681594
ENSG00000147140	NONO	0.541661693263114	0.999950392948841	0.087935676450881
ENSG00000141556	TBCD	0.806453005184351	0.999950392948841	0.0473744257842397
ENSG00000198931	APRT	0.954521266495547	0.999950392948841	-0.0117973189919315
ENSG00000172172	MRPL13	0.788445960474345	0.999950392948841	-0.0502758066244796
ENSG00000131051	RBM39	0.280374057675132	0.999950392948841	0.15945497265933
ENSG00000170315	UBB	0.0902817581372191	0.999950392948841	-0.247653949172279
ENSG00000134910	STT3A	0.538426785591583	0.999950392948841	-0.125359102405402
ENSG00000163104	SMARCAD1	0.707512810673324	0.999950392948841	-0.059690294545662
ENSG00000105810	CDK6	0.847715319449549	0.999950392948841	-0.0800125983119335
ENSG00000167900	TK1	0.867706756535305	0.999950392948841	-0.028482429739342
ENSG00000108953	YWHAE	0.551794921790149	0.999950392948841	-0.118001118272521
ENSG00000149182	ARFGAP2	0.951980961344629	0.999950392948841	0.00936154061074508
ENSG00000185164	NOMO2	0.740524263232606	0.999950392948841	0.103785365477114
ENSG00000116688	MFN2	0.394863007065167	0.999950392948841	-0.199015648752557
ENSG00000128059	PPAT	0.54417778337227	0.999950392948841	0.133456974292777
ENSG00000163882	POLR2H	0.698795168970816	0.999950392948841	0.0615935938262432
ENSG00000130402	ACTN4	0.837465227959832	0.999950392948841	-0.0528753241448812
ENSG00000170248	PDCD6IP	0.837892067019335	0.999950392948841	0.0332735007122074
ENSG00000163110	PDLIM5	0.228581863217416	0.999950392948841	-0.285540217472758
ENSG00000147475	ERLIN2	0.745946032031651	0.999950392948841	-0.0721579642745391
ENSG00000128050	PAICS	0.882114179473534	0.999950392948841	-0.0436194083168976
ENSG00000134419	RPS15A	0.754838978083477	0.999950392948841	-0.0455358892167309
ENSG00000174780	SRP72	0.648571486898805	0.999950392948841	-0.125658887667842
ENSG00000116266	STXBP3	0.524384897305771	0.999950392948841	-0.130452976989244
ENSG00000104824	HNRNPL	0.40546730754659	0.999950392948841	-0.118439896174033
ENSG00000167526	RPL13	0.933336408447384	0.999950392948841	0.0129253603005358
ENSG00000182934	SRPR	0.379430478889334	0.999950392948841	-0.190531360438267
ENSG00000132842	AP3B1	0.858545265605957	0.999950392948841	0.033332153363754
ENSG00000084092	NOA1	0.78659213027085	0.999950392948841	-0.07651829938535
ENSG00000047315	POLR2B	0.342395916460253	0.999950392948841	-0.168909031097312
ENSG00000169045	HNRNPH1	0.382874433116242	0.999950392948841	0.139101503547904
ENSG00000105127	AKAP8	0.766606944187451	0.999950392948841	0.0510162609913699
ENSG00000147162	OGT	0.0267574724180418	0.999950392948841	0.457196201723066
ENSG00000136810	TXN	0.604294156828219	0.999950392948841	0.074414804016655
ENSG00000138398	PPIG	0.646835802651114	0.999950392948841	-0.0980587117645776
ENSG00000108774	RAB5C	0.678090503458155	0.999950392948841	-0.0868191074609914
ENSG00000172115	CYCS	0.732431195020963	0.999950392948841	-0.163820537220987
ENSG00000011243	AKAP8L	0.600683468494051	0.999950392948841	0.150913857200301
ENSG00000031698	SARS	0.597009805961993	0.999950392948841	0.077375099258506
ENSG00000054118	THRAP3	0.653876979644925	0.999950392948841	-0.132687905079976
ENSG00000138385	SSB	0.808609125109128	0.999950392948841	-0.0634272053155798
ENSG00000122566	HNRNPA2B1	0.642242097865282	0.999950392948841	-0.0741324384105765
ENSG00000136813	KIAA0368	0.628524826076679	0.999950392948841	-0.0744017169817219
ENSG00000146731	CCT6A	0.108101234820381	0.999950392948841	-0.23015774847833
ENSG00000115839	RAB3GAP1	0.474930344511772	0.999950392948841	0.122966140959831
ENSG00000197894	ADH5	0.548969393973226	0.999950392948841	-0.170012483993347
ENSG00000091732	ZC3HC1	0.774233927424611	0.999950392948841	0.0522110353452143
ENSG00000105618	PRPF31	0.884504158285057	0.999950392948841	0.0340198897248003
ENSG00000116898	MRPS15	0.991581792247444	0.999950392948841	0.00152295658438817
ENSG00000118705	RPN2	0.716553129246954	0.999950392948841	0.0545196885011814
ENSG00000119314	PTBP3	0.34080263387457	0.999950392948841	-0.30772962991547
ENSG00000147604	RPL7	0.915653376667424	0.999950392948841	0.0157514061288732
ENSG00000115677	HDLBP	0.4185410674194	0.999950392948841	-0.123603532242305
ENSG00000126561	STAT5A	0.786949511699593	0.999950392948841	0.120098047688997
ENSG00000040341	STAU2	0.953759610508781	0.999950392948841	0.0252661661807862
ENSG00000149187	CELF1	0.782589371942153	0.999950392948841	-0.113580948159462
ENSG00000134453	RBM17	0.878592294541409	0.999950392948841	0.0226905017235509
ENSG00000134697	GNL2	0.562577062902878	0.999950392948841	0.0922083033124279
ENSG00000004700	RECQL	0.395304259878302	0.999950392948841	-0.188735618037495
ENSG00000170889	RPS9	0.723700744712839	0.999950392948841	0.0529478374342176
ENSG00000174231	PRPF8	0.942382259586586	0.999950392948841	0.0166440244365349
ENSG00000185627	PSMD13	0.859504116726394	0.999950392948841	0.0256796746566354
ENSG00000167461	RAB8A	0.725708129026985	0.999950392948841	-0.151165012237948
ENSG00000105193	RPS16	0.337726600746535	0.999950392948841	0.140691562343916
ENSG00000198959	TGM2	0.262449606242992	0.999950392948841	0.242132646940916
ENSG00000162775	RBM15	0.343139191902993	0.999950392948841	-0.151060222770082
ENSG00000114391	RPL24	0.830259217061743	0.999950392948841	-0.0309990856279073
ENSG00000196235	SUPT5H	0.490932493684102	0.999950392948841	0.111710866329458
ENSG00000167658	EEF2	0.205848994868162	0.999950392948841	0.179385823723525
ENSG00000197312	DDI2	0.998292764638513	0.999950392948841	-0.000388147909636594
ENSG00000111716	LDHB	0.783382464451137	0.999950392948841	0.0645143569219056
ENSG00000168610	STAT3	0.8809853911244	0.999950392948841	0.0603764062274079
ENSG00000083896	YTHDC1	0.444301444223888	0.999950392948841	-0.136906372593151
ENSG00000153310	FAM49B	0.848545542386464	0.999950392948841	-0.0788197010593441
ENSG00000073921	PICALM	0.112617093066243	0.999950392948841	-0.230063715193382
ENSG00000125107	CNOT1	0.899781396932519	0.999950392948841	-0.0195962676087591
ENSG00000183431	SF3A3	0.699671124104643	0.999950392948841	-0.157476753390986
ENSG00000065526	SPEN	0.409535398847379	0.999950392948841	0.141366012002091
ENSG00000030066	NUP160	0.708775724475981	0.999950392948841	-0.0994503274815172
ENSG00000138095	LRPPRC	0.261573219706651	0.999950392948841	0.165107139669452
ENSG00000085872	CHERP	0.491974577004092	0.999950392948841	0.106189682410977
ENSG00000076003	MCM6	0.614958945937125	0.999950392948841	-0.137000353965389
ENSG00000111726	CMAS	0.612470762139626	0.999950392948841	-0.0758550821360592
ENSG00000116455	WDR77	0.938208292603417	0.999950392948841	-0.0407682728588661
ENSG00000132507	EIF5A	0.675220910284933	0.999950392948841	-0.11493462276187
ENSG00000073111	MCM2	0.289645643045882	0.999950392948841	-0.151922966622845
ENSG00000116459	ATP5F1	0.662054094236017	0.999950392948841	-0.0860042042447594
ENSG00000115866	DARS	0.756727581151269	0.999950392948841	-0.0503708048930275
ENSG00000120800	UTP20	0.989122663469463	0.999950392948841	-0.00712784194980698
ENSG00000105821	DNAJC2	0.5061268023214	0.999950392948841	0.102034289587681
ENSG00000068796	KIF2A	0.781893611926072	0.999950392948841	-0.158817553124107
ENSG00000132383	RPA1	0.311113949465936	0.999950392948841	-0.155610197286597
ENSG00000163468	CCT3	0.774286653001329	0.999950392948841	-0.0977236269787738
ENSG00000149136	SSRP1	0.89308647347312	0.999950392948841	0.0190046573274104
ENSG00000161057	PSMC2	0.412225887135763	0.999950392948841	-0.137955259569388
ENSG00000116489	CAPZA1	0.885315097426941	0.999950392948841	0.0338763148507834
ENSG00000198554	WDHD1	0.792639593827558	0.999950392948841	-0.0412521594553106
ENSG00000086189	DIMT1	0.96069653303077	0.999950392948841	0.0208766928219226
ENSG00000124193	SRSF6	0.45485234861225	0.999950392948841	-0.105912582871728
ENSG00000155363	MOV10	0.116336920988801	0.999950392948841	0.292869581509594
ENSG00000119396	RAB14	0.648950290023779	0.999950392948841	-0.132562806308924
ENSG00000168374	ARF4	0.181387323156072	0.999950392948841	-0.200926579521023
ENSG00000112306	RPS12	0.851944168042932	0.999950392948841	-0.0285480921694473
ENSG00000126524	SBDS	0.895788326080397	0.999950392948841	-0.0202525495288288
ENSG00000074842	C19orf10	0.527929045136459	0.999950392948841	-0.180218310026808
ENSG00000058262	SEC61A1	0.849633465517559	0.999950392948841	-0.0399462814593926
ENSG00000090621	PABPC4	0.385733993564089	0.999950392948841	0.125893970852629
ENSG00000006625	GGCT	0.305352146393199	0.999950392948841	0.156346514795136
ENSG00000147251	DOCK11	0.714208868262074	0.999950392948841	-0.229530362608081
ENSG00000152556	PFKM	0.210490928846202	0.999950392948841	-0.212233001540149
ENSG00000140740	UQCRC2	0.713870235920271	0.999950392948841	-0.054570978494367
ENSG00000110172	CHORDC1	0.787802342427197	0.999950392948841	-0.133081955024561
ENSG00000004864	SLC25A13	0.97271604259229	0.999950392948841	0.0112238406542925
ENSG00000106105	GARS	0.739960667284691	0.999950392948841	0.0786073017695325
ENSG00000111640	GAPDH	0.729106374635683	0.999950392948841	-0.116194636571343
ENSG00000175792	RUVBL1	0.99173089031194	0.999950392948841	0.00332782350365482
ENSG00000172939	OXSR1	0.234534650195959	0.999950392948841	-0.19744099364623
ENSG00000179051	RCC2	0.814180387327992	0.999950392948841	0.0549370402038576
ENSG00000159593	NAE1	0.481456821448919	0.999950392948841	-0.131564089776494
ENSG00000140525	FANCI	0.890540896662505	0.999950392948841	-0.0219380285985906
ENSG00000060982	BCAT1	0.134854927347385	0.999950392948841	0.375343424969459
ENSG00000167721	TSR1	0.897383409249136	0.999950392948841	-0.0384351854718368
ENSG00000204628	GNB2L1	0.9272091694567	0.999950392948841	-0.0135343070216223
ENSG00000185825	BCAP31	0.596573564930047	0.999950392948841	-0.125629614310632
ENSG00000163902	RPN1	0.336065402917495	0.999950392948841	-0.148685615318407
ENSG00000130254	SAFB2	0.414180487937415	0.999950392948841	0.138714114443132
ENSG00000075785	RAB7A	0.516295876361271	0.999950392948841	-0.119105076190527
ENSG00000132463	GRSF1	0.712776498383914	0.999950392948841	-0.106981980453458
ENSG00000070669	ASNS	0.624923457856375	0.999950392948841	0.0877953391854884
ENSG00000160633	SAFB	0.938034549869607	0.999950392948841	-0.0113551730929681
ENSG00000166913	YWHAB	0.663236204544827	0.999950392948841	-0.108130276050818
ENSG00000130305	NSUN5	0.396274439157688	0.999950392948841	0.137771907023498
ENSG00000005022	SLC25A5	0.93919137028213	0.999950392948841	0.0108535636658231
ENSG00000127481	UBR4	0.993935630630814	0.999950392948841	0.00227195807180472
ENSG00000198563	DDX39B	0.604831288782655	0.999950392948841	0.0738470714305534
ENSG00000111641	NOP2	0.375034671791403	0.999950392948841	0.167581494709312
ENSG00000181222	POLR2A	0.344037238030971	0.999950392948841	-0.202793997595269
ENSG00000009307	CSDE1	0.236465696099739	0.999950392948841	-0.173848973491163
ENSG00000185033	SEMA4B	0.944889544608842	0.999950392948841	0.0175707674191008
ENSG00000130309	COLGALT1	0.293605878511064	0.999950392948841	0.177092036660132
ENSG00000129315	CCNT1	0.962753947015484	0.999950392948841	-0.00927749313093906
ENSG00000106638	TBL2	0.543935789981512	0.999950392948841	0.126604732136286
ENSG00000166851	PLK1	0.412694353377936	0.999950392948841	-0.123044262365275
ENSG00000141543	EIF4A3	0.362213931277802	0.999950392948841	-0.140289069434939
ENSG00000177731	FLII	0.473981104694938	0.999950392948841	-0.116148593872674
ENSG00000127463	EMC1	0.962853463162905	0.999950392948841	0.0150266379037995
ENSG00000169714	CNBP	0.989184697452015	0.999950392948841	0.00192014794754945
ENSG00000007168	PAFAH1B1	0.638739332395388	0.999950392948841	-0.0787752580773494
ENSG00000166501	PRKCB	0.351549256102196	0.999950392948841	-0.698448233244011
ENSG00000180879	SSR4	0.781920988368782	0.999950392948841	-0.0404223334899978
ENSG00000113593	PPWD1	0.0724565146717617	0.999950392948841	0.32492494874543
ENSG00000140575	IQGAP1	0.71458593075768	0.999950392948841	-0.125770964058111
ENSG00000053372	MRTO4	0.996112807662835	0.999950392948841	-0.00123281940068407
ENSG00000187522	HSPA14	0.571078842105756	0.999950392948841	-0.12749633770294
ENSG00000132361	CLUH	0.442332310024392	0.999950392948841	0.214875396281486
ENSG00000111642	CHD4	0.839251918151332	0.999950392948841	-0.0396353976973222
ENSG00000122257	RBBP6	0.804431884377344	0.999950392948841	-0.0402043861456398
ENSG00000163399	ATP1A1	0.966604705013027	0.999950392948841	-0.00634819905083805
ENSG00000067596	DHX8	0.556252905146121	0.999950392948841	-0.106151428418977
ENSG00000172053	QARS	0.124500653068111	0.999950392948841	0.22862371876896
ENSG00000181789	COPG1	0.584335925475765	0.999950392948841	-0.0876962877116293
ENSG00000077549	CAPZB	0.189270867852015	0.999950392948841	-0.195335005100692
ENSG00000161960	EIF4A1	0.882675603517544	0.999950392948841	-0.0351646071525439
ENSG00000174243	DDX23	0.789053966876834	0.999950392948841	-0.042317295500158
ENSG00000065183	WDR3	0.934242040100631	0.999950392948841	-0.0653319935536271
ENSG00000105640	RPL18A	0.590749318882192	0.999950392948841	0.0817704978664408
ENSG00000244038	DDOST	0.641116072068475	0.999950392948841	-0.112283614464604
ENSG00000088247	KHSRP	0.712403907149431	0.999950392948841	-0.100373885611114
ENSG00000134287	ARF3	0.844812137869174	0.999950392948841	-0.0925701552173477
ENSG00000013503	POLR3B	0.79951730975384	0.999950392948841	-0.108531245841597
ENSG00000104833	TUBB4A	0.542677090236299	0.999950392948841	0.375616663700481
ENSG00000170348	TMED10	0.649104942677567	0.999950392948841	-0.198363766941362
ENSG00000089737	DDX24	0.672785929799046	0.999950392948841	-0.0615029162034393
ENSG00000106244	PDAP1	0.79526274183594	0.999950392948841	-0.0469548489135099
ENSG00000205609	EIF3CL	0.0930485056816538	0.999950392948841	0.533117082449023
ENSG00000106246	PTCD1	0.90472889001217	0.999950392948841	0.0310870363077225
ENSG00000248919	ATP5J2-PTCD1	0.653170626205594	0.999950392948841	-0.264341827880316
ENSG00000123416	TUBA1B	0.18672657634517	0.999950392948841	-0.285854838248998
ENSG00000184110	EIF3C	0.588960884269334	0.999950392948841	0.0770209816813126
ENSG00000106682	EIF4H	0.631683122882159	0.999950392948841	-0.103938347350307
ENSG00000164062	APEH	0.286224465806087	0.999950392948841	-0.216956101076682
ENSG00000168488	ATXN2L	0.415206616648674	0.999950392948841	0.121742507119696
ENSG00000111667	USP5	0.845520035878664	0.999950392948841	-0.0309920644812915
ENSG00000158710	TAGLN2	0.243437120348161	0.999950392948841	-0.234586623419749
ENSG00000091140	DLD	0.454587225105743	0.999950392948841	-0.289689081699864
ENSG00000215021	PHB2	0.940601456218677	0.999950392948841	0.0126637498834329
ENSG00000122218	COPA	0.286054288277875	0.999950392948841	-0.222663666027195
ENSG00000004534	RBM6	0.52238109891971	0.999950392948841	0.132809414603258
ENSG00000143224	PPOX	0.757299426260488	0.999950392948841	0.159780056310717
ENSG00000072274	TFRC	0.860721398721353	0.999950392948841	-0.0400941244975167
ENSG00000117143	UAP1	0.684988597548777	0.999950392948841	-0.183335812698028
ENSG00000143149	ALDH9A1	0.630623660284861	0.999950392948841	-0.0873629865242028
ENSG00000143947	RPS27A	0.783230376752991	0.999950392948841	0.0399170702876515
ENSG00000143155	TIPRL	0.556000339458335	0.999950392948841	-0.159921440819732
ENSG00000026025	VIM	0.220530783386174	0.999950392948841	0.436740889668163
ENSG00000110880	CORO1C	0.757433701074644	0.999950392948841	-0.108680806057621
ENSG00000117592	PRDX6	0.530649060572277	0.999950392948841	-0.130987920989422
ENSG00000116161	CACYBP	0.673364861921273	0.999950392948841	-0.171365588790773
ENSG00000186566	GPATCH8	0.698752377098811	0.999950392948841	-0.124456351716716
ENSG00000135829	DHX9	0.615137442332293	0.999950392948841	-0.104902303591595
ENSG00000122068	FYTTD1	0.106690492603128	0.999950392948841	-0.651495407556625
ENSG00000116747	TROVE2	0.0508000425740115	0.999950392948841	-0.440703205603853
ENSG00000134371	CDC73	0.35474281109764	0.999950392948841	-0.200163969962076
ENSG00000108883	EFTUD2	0.79515751027097	0.999950392948841	-0.0415163894090439
ENSG00000182899	RPL35A	0.946846486500709	0.999950392948841	0.00960973636943821
ENSG00000081237	PTPRC	0.191877760787969	0.999950392948841	0.383764399516539
ENSG00000136448	NMT1	0.914287231748821	0.999950392948841	-0.0353224699036107
ENSG00000176393	RNPEP	0.334495654382795	0.999950392948841	-0.208467605355143
ENSG00000082898	XPO1	0.893289656025281	0.999950392948841	-0.0212025337713489
ENSG00000260245	ACLY	NA	NA	NA
ENSG00000261378	RAB5C	NA	NA	NA
ENSG00000232150	ST13P4	NA	NA	NA
ENSG00000263077	DDX5	NA	NA	NA
ENSG00000261236	BOP1	NA	NA	NA
ENSG00000261230	CPSF1	NA	NA	NA
ENSG00000267807	ACTG1	NA	NA	NA
ENSG00000096150	RPS18	NA	NA	NA
ENSG00000262418	PTPRC	NA	NA	NA
ENSG00000206284	WDR46	NA	NA	NA
ENSG00000230475	ABHD16A	NA	NA	NA
ENSG00000234289	H2BFS	NA	NA	NA
ENSG00000262472	KPNA2	NA	NA	NA
ENSG00000224543	SNRPGP15	NA	NA	NA
ENSG00000223639	CLIC1	NA	NA	NA
ENSG00000213553	RPLP0P6	NA	NA	NA
ENSG00000236826	LSM2	NA	NA	NA
ENSG00000226225	RPS18	NA	NA	NA
ENSG00000236222	WDR46	NA	NA	NA
ENSG00000196205	EEF1A1P5	NA	NA	NA
ENSG00000237724	HSPA1A	NA	NA	NA
ENSG00000231945	VARS	NA	NA	NA
ENSG00000223380	SEC22B	NA	NA	NA
ENSG00000262234	PPIP5K2	NA	NA	NA
ENSG00000257413	YTHDC1	NA	NA	NA
ENSG00000212789	ST13P5	NA	NA	NA
ENSG00000265231	AKR1C2	NA	NA	NA
ENSG00000262785	PKLR	NA	NA	NA
ENSG00000232169	ABCF1	NA	NA	NA
ENSG00000146047	HIST1H2BA	NA	NA	NA
ENSG00000104499	GML	NA	NA	NA
ENSG00000235676	ABHD16A	NA	NA	NA
ENSG00000154611	PSMA8	NA	NA	NA
ENSG00000260501	RPL7A	NA	NA	NA
ENSG00000206490	ABCF1	NA	NA	NA
ENSG00000225073	DDX39B	NA	NA	NA
ENSG00000227222	DHX16	NA	NA	NA
ENSG00000196374	HIST1H2BM	NA	NA	NA
ENSG00000224156	TUBB	NA	NA	NA
ENSG00000223654	FLOT1	NA	NA	NA
ENSG00000196176	HIST1H4A	NA	NA	NA
ENSG00000237889	DDX39B	NA	NA	NA
ENSG00000206486	DHX16	NA	NA	NA
ENSG00000235650	RPS18	NA	NA	NA
ENSG00000231116	VARS	NA	NA	NA
ENSG00000204221	WDR46	NA	NA	NA
ENSG00000224979	LSM2	NA	NA	NA
ENSG00000230685	CLIC1	NA	NA	NA
ENSG00000235941	HSPA1A	NA	NA	NA
ENSG00000233418	DHX16	NA	NA	NA
ENSG00000183311	TUBB	NA	NA	NA
ENSG00000206480	FLOT1	NA	NA	NA
ENSG00000256206	PSMA1	NA	NA	NA
ENSG00000263032	DLAT	NA	NA	NA
ENSG00000262660	SLC25A10	NA	NA	NA
ENSG00000223367	RPS18	NA	NA	NA
ENSG00000226916	WDR46	NA	NA	NA
ENSG00000230624	DDX39B	NA	NA	NA
ENSG00000188375	H3F3C	NA	NA	NA
ENSG00000235067	TUBB	NA	NA	NA
ENSG00000262088	RPS25	NA	NA	NA
ENSG00000262812	HYOU1	NA	NA	NA
ENSG00000206379	FLOT1	NA	NA	NA
ENSG00000226589	VARS	NA	NA	NA
ENSG00000227794	RPS18	NA	NA	NA
ENSG00000215425	DDX39B	NA	NA	NA
ENSG00000231129	ABCF1	NA	NA	NA
ENSG00000233049	DHX16	NA	NA	NA
ENSG00000263156	GNAI2	NA	NA	NA
ENSG00000232575	TUBB	NA	NA	NA
ENSG00000236271	FLOT1	NA	NA	NA
ENSG00000156269	NAA11	NA	NA	NA
ENSG00000265823	EIF2D	NA	NA	NA
ENSG00000206403	ABHD16A	NA	NA	NA
ENSG00000225859	DDX39B	NA	NA	NA
ENSG00000206394	CLIC1	NA	NA	NA
ENSG00000227686	VARS	NA	NA	NA
ENSG00000172850	LSM2	NA	NA	NA
ENSG00000215328	HSPA1A	NA	NA	NA
ENSG00000180574	EIF2S3L	NA	NA	NA
ENSG00000262464	POLDIP2	NA	NA	NA
ENSG00000231488	ABHD16A	NA	NA	NA
ENSG00000168148	HIST3H3	NA	NA	NA
ENSG00000224552	ABHD16A	NA	NA	NA
ENSG00000226651	CLIC1	NA	NA	NA
ENSG00000226248	CLIC1	NA	NA	NA
ENSG00000225989	ABCF1	NA	NA	NA
ENSG00000236342	ABCF1	NA	NA	NA
ENSG00000262473	GART	NA	NA	NA
ENSG00000226171	DHX16	NA	NA	NA
ENSG00000096171	VARS	NA	NA	NA
ENSG00000231991	ANXA2P2	NA	NA	NA
ENSG00000232421	TUBB	NA	NA	NA
ENSG00000231377	DHX16	NA	NA	NA
ENSG00000231502	LSM2	NA	NA	NA
ENSG00000230143	FLOT1	NA	NA	NA
ENSG00000234475	HSPA1A	NA	NA	NA
ENSG00000229684	TUBB	NA	NA	NA
ENSG00000224740	FLOT1	NA	NA	NA
ENSG00000235439	DDX39B	NA	NA	NA
ENSG00000229496	DDX39B	NA	NA	NA
ENSG00000236063	ABHD16A	NA	NA	NA
ENSG00000226417	CLIC1	NA	NA	NA
ENSG00000224264	VARS	NA	NA	NA
ENSG00000225998	LSM2	NA	NA	NA
ENSG00000260485	PUF60	NA	NA	NA
ENSG00000080854	IGSF9B	NA	NA	NA
ENSG00000236149	ABCF1	NA	NA	NA
ENSG00000233561	DHX16	NA	NA	NA
ENSG00000227739	TUBB	NA	NA	NA
ENSG00000232280	FLOT1	NA	NA	NA
ENSG00000261883	HMBS	NA	NA	NA
ENSG00000262589	NSUN5	NA	NA	NA
ENSG00000263049	TBL2	NA	NA	NA
ENSG00000263344	EIF4H	NA	NA	NA
ENSG00000262569	POR	NA	NA	NA
ENSG00000268928	SLC25A1	NA	NA	NA
ENSG00000268188	HSD17B10	NA	NA	NA
ENSG00000268980	HUWE1	NA	NA	NA
ENSG00000268897	BTK	NA	NA	NA
ENSG00000269315	RPL36A	NA	NA	NA
ENSG00000269719	RPL36A-HNRNPH2	NA	NA	NA
ENSG00000268642	HNRNPH2	NA	NA	NA
ENSG00000263376	HIST2H2BF	NA	NA	NA
ENSG00000270263	HIST2H3A	NA	NA	NA
ENSG00000270882	HIST1H4A	NA	NA	NA
ENSG00000270276	HIST1H4A	NA	NA	NA
ENSG00000271352	RBM10	NA	NA	NA
ENSG00000271310	UBA1	NA	NA	NA
ENSG00000271442	PRPF31	NA	NA	NA
ENSG00000271572	RPS9	NA	NA	NA
ENSG00000268489	RBM3	NA	NA	NA
ENSG00000265808	SEC22B	NA	NA	NA
ENSG00000269666	PGK1	NA	NA	NA
ENSG00000272687	TKT	NA	NA	NA
ENSG00000269382	ARCN1	NA	NA	NA
ENSG00000269612	DDX6	NA	NA	NA
ENSG00000268462	USP5	NA	NA	NA
ENSG00000270478	AP2B1	NA	NA	NA
ENSG00000269079	PHB2	NA	NA	NA
ENSG00000270647	TAF15	NA	NA	NA
ENSG00000272852	RPS19	NA	NA	NA
ENSG00000259980	MRPL45	NA	NA	NA
ENSG00000272879	ARHGEF1	NA	NA	NA
ENSG00000267977	BCAP31	NA	NA	NA
ENSG00000269520	SSR4	NA	NA	NA
ENSG00000268281	NAA10	NA	NA	NA
ENSG00000268768	HCFC1	NA	NA	NA
ENSG00000269329	FLNA	NA	NA	NA
ENSG00000268963	RPL10	NA	NA	NA
ENSG00000269087	G6PD	NA	NA	NA
ENSG00000273469	PRPF31	NA	NA	NA
ENSG00000268226	DKC1	NA	NA	NA
ENSG00000269326	MPP1	NA	NA	NA
ENSG00000273462	PRPF31	NA	NA	NA
ENSG00000263076	RPS9	NA	NA	NA
ENSG00000273135	RPS9	NA	NA	NA
ENSG00000273376	PRPF31	NA	NA	NA
ENSG00000273060	PRPF31	NA	NA	NA
ENSG00000272964	PRPF31	NA	NA	NA
ENSG00000272943	RPS9	NA	NA	NA
ENSG00000273467	RPS9	NA	NA	NA
ENSG00000272932	PRPF31	NA	NA	NA
ENSG00000273385	RPS9	NA	NA	NA
ENSG00000273109	PRPF31	NA	NA	NA
ENSG00000263332	RPS9	NA	NA	NA
ENSG00000272643	RPS9	NA	NA	NA
ENSG00000273224	PRPF31	NA	NA	NA
ENSG00000272614	RPS9	NA	NA	NA
